{
"type": "FeatureCollection",
"name": "territoire_Pm26_latlon",
"crs": { "type": "name", "properties": { "name": "urn:ogc:def:crs:OGC:1.3:CRS84" } },
"features": [
{ "type": "Feature", "properties": { "a_OBJET": "Territoire de l'Enquête métropolitaine 2023 Perspective mobilité", "a_SOURCE": "ARTM - Enquêtes Mobilité", "a_DATE": "2024-07-09", "a_VERSION": "v2024-08-14", "a_VALIDE": 1, "a_PRODFICH": "ARTM - Géomatique" }, "geometry": { "type": "MultiPolygon", "coordinates": [ [ [ [ -73.58213179558669, 46.03967987615367 ], [ -73.5735117781973, 46.033552247003229 ], [ -73.568680792578348, 46.030155452325261 ], [ -73.567599532357193, 46.030863367602571 ], [ -73.567271982617854, 46.031077804017684 ], [ -73.549640934475306, 46.042615834391064 ], [ -73.534341062767098, 46.032948464854599 ], [ -73.533859354004051, 46.033280085898923 ], [ -73.533203873701964, 46.033733315387479 ], [ -73.532745374669361, 46.034036179862639 ], [ -73.532548369626468, 46.034186565405726 ], [ -73.531854743445621, 46.034650026495598 ], [ -73.531459545372513, 46.034932837268826 ], [ -73.531088413049545, 46.035187863578123 ], [ -73.531050886011485, 46.035207068804439 ], [ -73.530879070624195, 46.035347642504981 ], [ -73.53041055904778, 46.035671525919106 ], [ -73.530065868314651, 46.035561809739406 ], [ -73.52959531674783, 46.035214450291463 ], [ -73.522479478913837, 46.029960321642783 ], [ -73.517336465722749, 46.0260795509787 ], [ -73.511200515996848, 46.030255194088056 ], [ -73.506709420579398, 46.033350910409979 ], [ -73.500004249287329, 46.038069295753822 ], [ -73.500000004435492, 46.038072204634126 ], [ -73.486045019187642, 46.04759661267282 ], [ -73.486084012914958, 46.047624840530446 ], [ -73.485184959780057, 46.048308041908385 ], [ -73.497800449608604, 46.057935949288826 ], [ -73.499716030945535, 46.058561203867924 ], [ -73.512535916508128, 46.068006778173135 ], [ -73.512102158219903, 46.068420817975714 ], [ -73.510038719021196, 46.069823721229412 ], [ -73.504691145947376, 46.073520529168924 ], [ -73.50363886546684, 46.074229764361796 ], [ -73.503594298520781, 46.074260626618795 ], [ -73.503017901041716, 46.074660384063257 ], [ -73.501309973027517, 46.075754205308975 ], [ -73.499135854121647, 46.077435544431331 ], [ -73.502632317315317, 46.080098354034703 ], [ -73.504374729181166, 46.080883626010632 ], [ -73.504525919740857, 46.081446659236455 ], [ -73.504636298946238, 46.081789332641684 ], [ -73.504827335093637, 46.082749119329726 ], [ -73.504800920783552, 46.083075284657092 ], [ -73.504708493764312, 46.083595815957828 ], [ -73.504474755374929, 46.084184515048548 ], [ -73.504061586985515, 46.084851834866413 ], [ -73.503666861931677, 46.085095267770768 ], [ -73.503182693532409, 46.08522824889581 ], [ -73.502724090128325, 46.085280637347374 ], [ -73.501968664718945, 46.08516130078344 ], [ -73.501129574843674, 46.084884382833735 ], [ -73.500715549814714, 46.084721407357179 ], [ -73.500320842352039, 46.084345457047469 ], [ -73.500001490854089, 46.08404285194581 ], [ -73.499644293844554, 46.083803940381323 ], [ -73.499147170063864, 46.083409884453104 ], [ -73.498632779357962, 46.082671827517181 ], [ -73.498344034659723, 46.082029657659639 ], [ -73.498256189484579, 46.080883497625081 ], [ -73.498199054615824, 46.079678345662437 ], [ -73.497975487563039, 46.079074366321272 ], [ -73.497114644548333, 46.078662995090987 ], [ -73.496339936988321, 46.078432086994255 ], [ -73.495073419759535, 46.078125985893848 ], [ -73.49428559048205, 46.077799528463885 ], [ -73.493711183089914, 46.077205300568963 ], [ -73.493105746597479, 46.07604370879524 ], [ -73.492639105752332, 46.07520049394838 ], [ -73.492095599252238, 46.07470354974766 ], [ -73.491446235820789, 46.07396371382805 ], [ -73.491373768691574, 46.073122215214582 ], [ -73.491342295805651, 46.07306339101347 ], [ -73.490947921838085, 46.07306948817039 ], [ -73.488894925866816, 46.072984866905863 ], [ -73.486938013405464, 46.072951308322409 ], [ -73.482573764790445, 46.0727866075609 ], [ -73.482165207239447, 46.072772062847555 ], [ -73.473088098893456, 46.072639486181068 ], [ -73.472994689190642, 46.072699693933316 ], [ -73.472862283032129, 46.072735111103945 ], [ -73.472706751514096, 46.072760785727858 ], [ -73.471883317330224, 46.072757978677977 ], [ -73.470734970491591, 46.072765360388516 ], [ -73.470605803903112, 46.072792836181414 ], [ -73.470541004896077, 46.072831337813284 ], [ -73.470511802587154, 46.072901688927274 ], [ -73.47037661783709, 46.072836498928538 ], [ -73.470205426750383, 46.072792408470235 ], [ -73.470017167660657, 46.072774796641617 ], [ -73.469780872335036, 46.07276662676491 ], [ -73.468766645423273, 46.072764568489056 ], [ -73.467374454741758, 46.072761270713741 ], [ -73.466958927248811, 46.072758697128158 ], [ -73.466789844164907, 46.072739407969244 ], [ -73.466626081544661, 46.072704027878082 ], [ -73.466514858674003, 46.072663186080412 ], [ -73.459475344549347, 46.072625711063345 ], [ -73.456753486522786, 46.07259645387289 ], [ -73.456150104283864, 46.072113399342747 ], [ -73.456046693997635, 46.072050398343023 ], [ -73.455956388820468, 46.071978298014322 ], [ -73.455723909727311, 46.071708289318551 ], [ -73.455517109284926, 46.071555294252782 ], [ -73.455349319755726, 46.07136619581523 ], [ -73.455181315922758, 46.0712492971115 ], [ -73.454832284573953, 46.071141207148088 ], [ -73.454612584463945, 46.071105095327177 ], [ -73.45423770138342, 46.071068895537621 ], [ -73.454005088037476, 46.071032807369875 ], [ -73.453966306064245, 46.07102381391136 ], [ -73.453746608906314, 46.070942689635196 ], [ -73.453501106173448, 46.070834702970942 ], [ -73.453022981977838, 46.070573605069171 ], [ -73.452816306771098, 46.070483494384135 ], [ -73.45264821514003, 46.070447399988623 ], [ -73.452402686537624, 46.070384309049516 ], [ -73.452363908451844, 46.070366414046603 ], [ -73.452182987845092, 46.070204388765717 ], [ -73.451924705152237, 46.070015196305121 ], [ -73.451821295981134, 46.069961196555482 ], [ -73.451588709549782, 46.069898110382361 ], [ -73.451446492094604, 46.06988009439155 ], [ -73.451058798069923, 46.069825910057588 ], [ -73.450813113991714, 46.069816906215813 ], [ -73.450528803402392, 46.069807707793096 ], [ -73.450464101639739, 46.069807697086624 ], [ -73.450257294775824, 46.069789585665127 ], [ -73.449998804474362, 46.069753497746852 ], [ -73.449869606275399, 46.069717514329184 ], [ -73.449636911082393, 46.069627297679986 ], [ -73.449404398937887, 46.069528296112331 ], [ -73.449171789501989, 46.069411205462586 ], [ -73.449029706615775, 46.069321205457676 ], [ -73.44895209851866, 46.069276207981588 ], [ -73.448706700130415, 46.069123109103629 ], [ -73.448461212557149, 46.068988006003423 ], [ -73.448409516459819, 46.068960992136404 ], [ -73.448189909882018, 46.068861907570017 ], [ -73.447944312896169, 46.068771791442714 ], [ -73.447672900531188, 46.068681698711934 ], [ -73.447414602813339, 46.068564705700695 ], [ -73.447220690655428, 46.068474603007267 ], [ -73.44718200370275, 46.068447610477342 ], [ -73.447130304971083, 46.068429496764359 ], [ -73.447039906056688, 46.068384599603014 ], [ -73.446962412835049, 46.068348498849851 ], [ -73.446794394796839, 46.068285489683099 ], [ -73.446626305565786, 46.068258389945171 ], [ -73.446303204848903, 46.06821320721015 ], [ -73.445992999779321, 46.068186090423936 ], [ -73.445941284712944, 46.068168104972315 ], [ -73.445889610768049, 46.068159003214653 ], [ -73.445786295505954, 46.068132010641428 ], [ -73.445734579967095, 46.0681230061276 ], [ -73.445643993543328, 46.068086996524698 ], [ -73.445450308241547, 46.068032913868663 ], [ -73.445321002767002, 46.068005907915655 ], [ -73.44526930531255, 46.067987793184642 ], [ -73.445217590047307, 46.06797878838389 ], [ -73.444959207507495, 46.067915709202751 ], [ -73.444894481056082, 46.067906601678757 ], [ -73.444662001357486, 46.067861611187496 ], [ -73.44450679410447, 46.067825495559909 ], [ -73.444455114141306, 46.06781649758527 ], [ -73.444313006463972, 46.06777138880112 ], [ -73.444054615183077, 46.067681308101349 ], [ -73.443834908405307, 46.067591197229213 ], [ -73.443602316656282, 46.06751020232354 ], [ -73.443421389403227, 46.067420107216414 ], [ -73.443279289639875, 46.067330091799604 ], [ -73.4431113836864, 46.067195009024658 ], [ -73.442995195013467, 46.067077993330038 ], [ -73.442853111245299, 46.066961010035108 ], [ -73.442827307421368, 46.066925004088866 ], [ -73.442788515930729, 46.066897907877525 ], [ -73.442556007816862, 46.066753792992088 ], [ -73.442401009371409, 46.066690798820169 ], [ -73.442349309235681, 46.066663806127039 ], [ -73.442284701757643, 46.066645713235161 ], [ -73.442013300775884, 46.06657359084079 ], [ -73.441961595928561, 46.066555498683364 ], [ -73.441909911246142, 46.066546603898907 ], [ -73.441599683348144, 46.066510403908019 ], [ -73.441548085841461, 46.06650139451358 ], [ -73.441483413450342, 46.066501409033023 ], [ -73.441186213330454, 46.066492204976591 ], [ -73.441069814727143, 46.066501198456123 ], [ -73.440888886025888, 46.066492007846506 ], [ -73.440643218821577, 46.066482896546404 ], [ -73.440475210111174, 46.066455800212204 ], [ -73.44037178683844, 46.066428804291128 ], [ -73.440320109345976, 46.066419804032691 ], [ -73.440268485700884, 46.066401701103288 ], [ -73.440023105462117, 46.066302595605947 ], [ -73.439790501050041, 46.066212498643978 ], [ -73.439635302416477, 46.066131494465047 ], [ -73.439467385614023, 46.06602339726679 ], [ -73.439312492709078, 46.065906397861511 ], [ -73.439105799119915, 46.065726297745314 ], [ -73.43906708456133, 46.065699294849871 ], [ -73.438924993062813, 46.065573293613753 ], [ -73.438563500890581, 46.0652311977639 ], [ -73.438421504572261, 46.065159103364131 ], [ -73.43825349454265, 46.065105004385579 ], [ -73.437788197722554, 46.06511381241144 ], [ -73.437607084800035, 46.06514060740281 ], [ -73.437309698581316, 46.065230490137083 ], [ -73.437128795942627, 46.06526638890395 ], [ -73.436650298905079, 46.065428104139961 ], [ -73.436301181602303, 46.065517899154919 ], [ -73.435564306993797, 46.065670390842591 ], [ -73.435409193434964, 46.065652292441179 ], [ -73.435318583733888, 46.065634307889596 ], [ -73.435228208659296, 46.065625194489563 ], [ -73.435098912765739, 46.065598094107877 ], [ -73.434995487270314, 46.065607096256443 ], [ -73.434905017673813, 46.0656341009961 ], [ -73.434866307707821, 46.065634014858887 ], [ -73.434827496566655, 46.065633987188512 ], [ -73.434762895348797, 46.065634011461228 ], [ -73.434581902698156, 46.065588894411185 ], [ -73.434478591241984, 46.065534810341759 ], [ -73.434258992728999, 46.065462709608695 ], [ -73.43376810311571, 46.065201507778674 ], [ -73.433496705953033, 46.065102305911019 ], [ -73.433186588564467, 46.065039205222355 ], [ -73.433096183373394, 46.065021101552432 ], [ -73.432566287084541, 46.064939904673807 ], [ -73.432424083343392, 46.064948802246917 ], [ -73.432281900726181, 46.064966712112465 ], [ -73.431519196352852, 46.065038194345064 ], [ -73.4310150843516, 46.065091899359288 ], [ -73.430898708264749, 46.065109892347159 ], [ -73.43084701285504, 46.065118792730935 ], [ -73.430032498835459, 46.065235305680837 ], [ -73.429877398404486, 46.065244092074508 ], [ -73.429696402606709, 46.065280090524197 ], [ -73.42958001423824, 46.065306902291432 ], [ -73.428959508818949, 46.06537861153965 ], [ -73.428429299598733, 46.065477199355207 ], [ -73.42808010905172, 46.065710898973805 ], [ -73.427588779963216, 46.065836606153326 ], [ -73.426735287383778, 46.066105986337433 ], [ -73.426024104937014, 46.066285392040406 ], [ -73.425739688720498, 46.066285309328407 ], [ -73.425326087705926, 46.066240010768297 ], [ -73.424718703597534, 46.066230588579415 ], [ -73.423787894726757, 46.066292989017263 ], [ -73.423658606590209, 46.066310889098517 ], [ -73.423568091275698, 46.06631079633042 ], [ -73.422624514949192, 46.066328193672952 ], [ -73.422184782435949, 46.066390908173325 ], [ -73.421602994281685, 46.066561496279327 ], [ -73.421215013566695, 46.066687100434571 ], [ -73.420723512825901, 46.066920713549948 ], [ -73.420529599700117, 46.066929610961353 ], [ -73.420335693266409, 46.066938403383226 ], [ -73.420206308137537, 46.067010410887832 ], [ -73.419546508281641, 46.067378795422542 ], [ -73.419093693892449, 46.067693305317029 ], [ -73.41883470181638, 46.06790910480688 ], [ -73.418731294167102, 46.067972093994555 ], [ -73.418485391708472, 46.068169786372906 ], [ -73.418265501338794, 46.068277600774245 ], [ -73.418097305468635, 46.068385502489072 ], [ -73.417657499961607, 46.068574098433338 ], [ -73.417256610657276, 46.068681696012241 ], [ -73.416842810741173, 46.068807410024426 ], [ -73.416584094278662, 46.068888210521614 ], [ -73.416299686071184, 46.068897006518021 ], [ -73.416041204177915, 46.068860791100875 ], [ -73.415860411502933, 46.068770711347788 ], [ -73.415511594454586, 46.068689493315965 ], [ -73.415188482488148, 46.068572305823608 ], [ -73.414826691860924, 46.068482109242652 ], [ -73.414270908187831, 46.068427595200951 ], [ -73.413999513895988, 46.068436490932115 ], [ -73.413870201543503, 46.068436303365196 ], [ -73.413779702970444, 46.068445293803563 ], [ -73.41333999801833, 46.068597910610741 ], [ -73.413184706285946, 46.068678704723581 ], [ -73.412861203030857, 46.068885408982844 ], [ -73.412550689970899, 46.069020195727944 ], [ -73.412046086925898, 46.069361710135311 ], [ -73.41187798432415, 46.069451499999339 ], [ -73.41164500856712, 46.069541295329024 ], [ -73.411399780065693, 46.069656101448444 ], [ -73.411321698111109, 46.069694088642102 ], [ -73.411233524582229, 46.069722320757137 ], [ -73.411153609236763, 46.069747896928405 ], [ -73.410881901076451, 46.069864698078476 ], [ -73.410662099146464, 46.069927499324763 ], [ -73.410170703681018, 46.0699540991139 ], [ -73.410002703036412, 46.069935903136724 ], [ -73.40992519218787, 46.069935904372443 ], [ -73.409757078300458, 46.069935808891515 ], [ -73.409627912520449, 46.069962595004505 ], [ -73.409369215600009, 46.069971494906028 ], [ -73.409097894000141, 46.069953206554423 ], [ -73.409033216564325, 46.06995319810737 ], [ -73.408903911534637, 46.069944102641536 ], [ -73.408425899205298, 46.069790691802332 ], [ -73.408167489884576, 46.069745591969621 ], [ -73.407896084413039, 46.069691297906495 ], [ -73.407857213906141, 46.069691300171606 ], [ -73.407340301372301, 46.069636901926756 ], [ -73.407004185734962, 46.069582588283922 ], [ -73.406836281310774, 46.069528500956736 ], [ -73.406758913304486, 46.0694924120629 ], [ -73.406668408461115, 46.069456507053438 ], [ -73.406371301180243, 46.069285201626236 ], [ -73.405893609418271, 46.068960901353861 ], [ -73.405622582048636, 46.068744800120733 ], [ -73.405286885143028, 46.068528502360479 ], [ -73.405157702826799, 46.068438394525529 ], [ -73.404692793887293, 46.06820410772113 ], [ -73.404524881982596, 46.06814100382794 ], [ -73.404408607714146, 46.068086913037405 ], [ -73.404356909667783, 46.068068904063672 ], [ -73.40391768979319, 46.067888497933403 ], [ -73.403840202087281, 46.067879488641104 ], [ -73.403762615063769, 46.067861396194587 ], [ -73.403594604751916, 46.067870292216782 ], [ -73.403452297495889, 46.067897092359438 ], [ -73.403116116312347, 46.067995802377325 ], [ -73.402973813397281, 46.068058693737342 ], [ -73.402663181626167, 46.068193400269557 ], [ -73.402598584575955, 46.068229308949967 ], [ -73.402546888157019, 46.068247310668589 ], [ -73.402365787303069, 46.068337085860918 ], [ -73.402236299960251, 46.068418010554325 ], [ -73.401770591149344, 46.068624503371197 ], [ -73.401149801484124, 46.068839899536684 ], [ -73.400878182308986, 46.068893705612986 ], [ -73.400529185842146, 46.068902404143557 ], [ -73.400387012669967, 46.068875303369921 ], [ -73.399896009046714, 46.06872178839258 ], [ -73.399392207116946, 46.068559513801269 ], [ -73.399224286966771, 46.068487387412603 ], [ -73.399120905008701, 46.068460295915244 ], [ -73.399043402510486, 46.068433313143387 ], [ -73.398707600935396, 46.068324893058204 ], [ -73.398552512794353, 46.068261899595512 ], [ -73.398410588756548, 46.068171699731238 ], [ -73.397932620182246, 46.067955297430728 ], [ -73.397583779103556, 46.067829108591383 ], [ -73.397415917368036, 46.067783992672808 ], [ -73.397247902113875, 46.067738791454282 ], [ -73.397105916340607, 46.067693704073889 ], [ -73.396937807528857, 46.067675591353726 ], [ -73.396795587759684, 46.067693390287829 ], [ -73.396653399089317, 46.067747207920497 ], [ -73.396265010304631, 46.068007811618891 ], [ -73.396161398494669, 46.06809768934896 ], [ -73.396031998385325, 46.068169509752003 ], [ -73.395734492550559, 46.068295294404884 ], [ -73.395592206599261, 46.068340107661328 ], [ -73.395346507640056, 46.068411903394285 ], [ -73.39504919222982, 46.068411588704905 ], [ -73.394777885054665, 46.068348394058987 ], [ -73.394506486685557, 46.068240103777931 ], [ -73.393925508156869, 46.067897706946631 ], [ -73.393731905651848, 46.067780608619529 ], [ -73.393602795180797, 46.067681510985196 ], [ -73.393292887108416, 46.067501287395743 ], [ -73.393202503375178, 46.067447212707833 ], [ -73.393021804734815, 46.067356991024994 ], [ -73.39289261177592, 46.067311907560061 ], [ -73.392789179683547, 46.067293807108378 ], [ -73.392711591368297, 46.067275809901908 ], [ -73.392349788456329, 46.06723941091748 ], [ -73.391897381898389, 46.067203000726167 ], [ -73.391548600406097, 46.067148690734562 ], [ -73.39088951690006, 46.067040096352066 ], [ -73.390553502858467, 46.066994798615127 ], [ -73.390127213343462, 46.066886406944896 ], [ -73.390049591876576, 46.06686840023815 ], [ -73.389765496360226, 46.066742106729436 ], [ -73.389584694835762, 46.066678911528435 ], [ -73.389261712986794, 46.066633590635909 ], [ -73.38908068841755, 46.066633497365594 ], [ -73.388356989763182, 46.066569789089812 ], [ -73.388188990038728, 46.066551601931629 ], [ -73.387917611954222, 46.066443397505516 ], [ -73.387117402109553, 46.065893694798838 ], [ -73.386859106052853, 46.065776495732372 ], [ -73.386704295785506, 46.065650411820975 ], [ -73.386601119117685, 46.065524394452702 ], [ -73.386433415297901, 46.065398196863939 ], [ -73.386304304986794, 46.065308095207847 ], [ -73.386071805692765, 46.065199892788286 ], [ -73.385787713866648, 46.065091710184845 ], [ -73.38564551284621, 46.065037493427177 ], [ -73.385568198057626, 46.065001499149183 ], [ -73.385361505914631, 46.064893312916197 ], [ -73.385129094102439, 46.064749111657399 ], [ -73.384909794502988, 46.064568895482438 ], [ -73.384716110021088, 46.064469695411745 ], [ -73.384677395842374, 46.064451699183074 ], [ -73.384470810680568, 46.064352489589865 ], [ -73.384147882446655, 46.064235209119659 ], [ -73.384096208513469, 46.064226201479599 ], [ -73.38372158978936, 46.064126805920843 ], [ -73.383657003974591, 46.064117813173425 ], [ -73.383553601238816, 46.064108610434012 ], [ -73.383411397226936, 46.06407248838007 ], [ -73.383359793522317, 46.064063494878901 ], [ -73.383217595307329, 46.064054298139105 ], [ -73.382920314387192, 46.064026994060825 ], [ -73.382855809219862, 46.064017990975508 ], [ -73.382054597175852, 46.063918210445479 ], [ -73.38180918729546, 46.063836986969271 ], [ -73.381680098237453, 46.063755811617476 ], [ -73.381357515914942, 46.063503596927035 ], [ -73.381047686631817, 46.063314298308939 ], [ -73.3809574854196, 46.063197200568894 ], [ -73.380725294263797, 46.06297199129024 ], [ -73.38053179594435, 46.062782901681146 ], [ -73.380415686835022, 46.062692792594483 ], [ -73.379886313084654, 46.062449295648122 ], [ -73.3796539808977, 46.062296108456728 ], [ -73.379512202405721, 46.062134003487593 ], [ -73.379383480938657, 46.061846009206221 ], [ -73.379138488057507, 46.061602784465776 ], [ -73.378854596003777, 46.061368498435783 ], [ -73.378789984165095, 46.061341501918967 ], [ -73.378673794139317, 46.061287387266098 ], [ -73.378596418099036, 46.061251292876221 ], [ -73.378157309962162, 46.061115912900277 ], [ -73.378002300182885, 46.061061689766468 ], [ -73.377847298302484, 46.060998590188284 ], [ -73.377446785740545, 46.060917089961535 ], [ -73.377085109097635, 46.060844788753229 ], [ -73.376904194320247, 46.060808595104639 ], [ -73.376787882714964, 46.060799503587333 ], [ -73.376568198159589, 46.060835188044528 ], [ -73.37636108283462, 46.060951906155694 ], [ -73.376283512244669, 46.060978894124624 ], [ -73.37623181001662, 46.060996800138227 ], [ -73.375727299647494, 46.061167202201446 ], [ -73.375300482505054, 46.061247700407371 ], [ -73.375171400979312, 46.061247501751176 ], [ -73.374731796820925, 46.061265097165204 ], [ -73.374499294306077, 46.061246801353235 ], [ -73.374434714565723, 46.061237802200253 ], [ -73.374305391990703, 46.061210706345804 ], [ -73.374202099222359, 46.061174509451064 ], [ -73.374034408884555, 46.061075394302229 ], [ -73.37395700448738, 46.06099429010095 ], [ -73.373918280436115, 46.060922302919742 ], [ -73.373931591500721, 46.060751306926477 ], [ -73.374009685148224, 46.060553496895501 ], [ -73.374113388230711, 46.060373689076833 ], [ -73.374120376062692, 46.060294104070593 ], [ -73.374126797395931, 46.060220708369265 ], [ -73.374101099959574, 46.06014870523569 ], [ -73.374010694219052, 46.060076685930063 ], [ -73.373894598422467, 46.060013599326368 ], [ -73.373016390504418, 46.059733693767605 ], [ -73.372693384230175, 46.059652307793876 ], [ -73.372344580963542, 46.059597904458556 ], [ -73.372279995099504, 46.059579891535115 ], [ -73.372189585682349, 46.059552788704323 ], [ -73.372137985952065, 46.059543708794678 ], [ -73.371659903312647, 46.059462211251152 ], [ -73.371466185558958, 46.05940799338736 ], [ -73.37076851385838, 46.05926330448262 ], [ -73.370084002231934, 46.05910049460676 ], [ -73.369812804852131, 46.058992205842301 ], [ -73.369657795381428, 46.058938097947859 ], [ -73.368676402023482, 46.058595008224202 ], [ -73.368379384452282, 46.058522703015171 ], [ -73.368043496759526, 46.058450406516812 ], [ -73.367694512310294, 46.05845000835486 ], [ -73.367526406113711, 46.058440711074539 ], [ -73.367229187775891, 46.058458386350296 ], [ -73.366893101523488, 46.058512007052741 ], [ -73.366582809348031, 46.05854760088171 ], [ -73.366440497683371, 46.05855639799838 ], [ -73.366272482583668, 46.058592303225637 ], [ -73.365199809155158, 46.05858201448968 ], [ -73.365057694697668, 46.058563791999376 ], [ -73.364760709893204, 46.058464501435424 ], [ -73.364657508421715, 46.058356409999888 ], [ -73.364644592829677, 46.058320404990383 ], [ -73.364631919704593, 46.058239396931931 ], [ -73.364646173851995, 46.058165882712636 ], [ -73.364658104567894, 46.058104499268545 ], [ -73.364697496157049, 46.057888607738228 ], [ -73.364723699326618, 46.057708607698764 ], [ -73.364672398263238, 46.057582605162061 ], [ -73.364556396772159, 46.057465511764526 ], [ -73.364388393872602, 46.057393393023126 ], [ -73.364336693450582, 46.057384286948448 ], [ -73.364220613497054, 46.057375198936555 ], [ -73.364181697536651, 46.057366107191555 ], [ -73.363638540785232, 46.05742084016758 ], [ -73.362682181238156, 46.057517208262979 ], [ -73.362152202949517, 46.057525703889233 ], [ -73.361906888878096, 46.057480397897685 ], [ -73.361713181752052, 46.057399098818934 ], [ -73.361463780419186, 46.057258590883364 ], [ -73.361313113003206, 46.057173700633136 ], [ -73.361093602850616, 46.057074511709814 ], [ -73.360654615252855, 46.056911996422656 ], [ -73.360435098611163, 46.056857699278027 ], [ -73.360215392030369, 46.056839511308311 ], [ -73.359995606053502, 46.056866201494593 ], [ -73.359401392312947, 46.056993588775441 ], [ -73.359077614006551, 46.057062997416061 ], [ -73.358777205422641, 46.057146394510013 ], [ -73.35840499863528, 46.057242092511807 ], [ -73.35836631373968, 46.0572421101459 ], [ -73.358314602507946, 46.05725099350704 ], [ -73.357913802331893, 46.057313509845031 ], [ -73.357668116500577, 46.057331190671519 ], [ -73.356983219919158, 46.057321294991318 ], [ -73.356802395382047, 46.057285100988096 ], [ -73.356247315743431, 46.057041505256151 ], [ -73.355859911009702, 46.056915109393834 ], [ -73.355808284075934, 46.056896896304615 ], [ -73.35565320053523, 46.05686980423139 ], [ -73.355374576333105, 46.056805659060586 ], [ -73.354749110658361, 46.056661708326914 ], [ -73.354142120860232, 46.056471991704086 ], [ -73.353767516065986, 46.056408496321744 ], [ -73.353599488652435, 46.056408304828359 ], [ -73.35350899360671, 46.05642619136902 ], [ -73.35327629169619, 46.056488893369149 ], [ -73.352953107672818, 46.056488409943917 ], [ -73.35275928015524, 46.056461209191816 ], [ -73.352565688059798, 46.056397985956153 ], [ -73.35237935487045, 46.056302855419638 ], [ -73.352230012173592, 46.05622659761567 ], [ -73.352049391044602, 46.056163401555267 ], [ -73.351635797392646, 46.056126907737301 ], [ -73.351429009176044, 46.056144600628798 ], [ -73.351235105011526, 46.056180299580781 ], [ -73.351157498340115, 46.056225202484299 ], [ -73.351092686062415, 46.056270097265596 ], [ -73.35103986357926, 46.05633286505148 ], [ -73.350911081048906, 46.056485802813441 ], [ -73.350794688810055, 46.056566690920228 ], [ -73.35054889874128, 46.056638292011684 ], [ -73.350321957025571, 46.056719257582287 ], [ -73.350121992834332, 46.056790610594156 ], [ -73.349889080906209, 46.056880401534336 ], [ -73.349552798558378, 46.056987907374697 ], [ -73.349384802818491, 46.057014696126025 ], [ -73.349009995801765, 46.057014191237322 ], [ -73.348829095172874, 46.056977910999343 ], [ -73.348661298566284, 46.05691481214 ], [ -73.348545208719074, 46.056851606664686 ], [ -73.348454802349352, 46.05677949989704 ], [ -73.348455089571829, 46.056689499393642 ], [ -73.348610705098324, 46.056509799616322 ], [ -73.348662706987554, 46.056401804624123 ], [ -73.348637200751682, 46.056293807548535 ], [ -73.348495084674042, 46.056248707744146 ], [ -73.348301306901092, 46.056230412464203 ], [ -73.348120284150767, 46.056248199207261 ], [ -73.34798309175892, 46.056308233206281 ], [ -73.347874413191988, 46.056355795566589 ], [ -73.347706198095551, 46.056436603278399 ], [ -73.347447187959474, 46.056616199247919 ], [ -73.347279002149136, 46.056688001352377 ], [ -73.346606709139223, 46.056777103583883 ], [ -73.346351414233169, 46.056807167714133 ], [ -73.346154301968525, 46.056830393706363 ], [ -73.345866440386132, 46.056822466183078 ], [ -73.345469405262932, 46.056811504098661 ], [ -73.34521081066238, 46.056847105282309 ], [ -73.344784004198331, 46.056927491023366 ], [ -73.34408600203767, 46.056989610903649 ], [ -73.343969587252943, 46.057016392886915 ], [ -73.343736611375107, 46.057142097953317 ], [ -73.343697595014987, 46.057222905714376 ], [ -73.343736209825664, 46.057322006879396 ], [ -73.343877718121433, 46.057529195942188 ], [ -73.343890293347044, 46.057619099714032 ], [ -73.343734291657455, 46.057978789297785 ], [ -73.343695087368999, 46.058113707395883 ], [ -73.343719317648421, 46.058689595980731 ], [ -73.343680211195235, 46.058806511790849 ], [ -73.343563684375994, 46.058887393953967 ], [ -73.343503244600839, 46.058902559119879 ], [ -73.343421418218114, 46.058923094811476 ], [ -73.34327930034263, 46.058922991884167 ], [ -73.343007897225618, 46.058877595398293 ], [ -73.342917392326896, 46.0589044036779 ], [ -73.342878397918753, 46.058976311277767 ], [ -73.342891192135255, 46.059057303128611 ], [ -73.343084581242906, 46.059219607523914 ], [ -73.343148896005246, 46.059309600902878 ], [ -73.34316157857927, 46.059399607590734 ], [ -73.343109683851637, 46.059471500529725 ], [ -73.342954311593118, 46.059588301543656 ], [ -73.342941106316161, 46.059669195654699 ], [ -73.34297960328955, 46.059759288324649 ], [ -73.342953490146655, 46.059849204201505 ], [ -73.34286289088314, 46.059903107898776 ], [ -73.342746489206107, 46.059920907945653 ], [ -73.342591514825003, 46.059893710644594 ], [ -73.342462399701745, 46.059830508394796 ], [ -73.342333211363268, 46.059821413973523 ], [ -73.342216705133197, 46.059884197164173 ], [ -73.342099885245631, 46.060072999703763 ], [ -73.342062294628846, 46.060106185191231 ], [ -73.341957306693033, 46.060198804858722 ], [ -73.341853683426777, 46.060243602411774 ], [ -73.341724484743068, 46.060261407954407 ], [ -73.341564628874622, 46.060254473983164 ], [ -73.341297990613256, 46.060242907857003 ], [ -73.341156003788285, 46.060215608950749 ], [ -73.341014017275924, 46.060152501227577 ], [ -73.34094969693227, 46.06004440110074 ], [ -73.340950009166079, 46.05992749853683 ], [ -73.341092608930708, 46.059783702068017 ], [ -73.34113160694983, 46.059711794977439 ], [ -73.341054711707244, 46.059459692021996 ], [ -73.341138396261044, 46.059275611299768 ], [ -73.341197794015741, 46.059145012083185 ], [ -73.341185182735657, 46.059046007510382 ], [ -73.341107799278419, 46.058973905527559 ], [ -73.340978602414111, 46.058937692107733 ], [ -73.340655401291144, 46.058964306611564 ], [ -73.340551914312599, 46.058991107027708 ], [ -73.340474389203564, 46.059008986401366 ], [ -73.340280281383869, 46.059080804156849 ], [ -73.339866391259434, 46.059179110344083 ], [ -73.339750185894331, 46.059196894333539 ], [ -73.33951739656132, 46.05921459781915 ], [ -73.339362393969111, 46.059196400132286 ], [ -73.339233287728632, 46.059142205808016 ], [ -73.339114909978861, 46.059048425004981 ], [ -73.339039908316082, 46.05898901017526 ], [ -73.338923706709636, 46.05893491120662 ], [ -73.338424893365598, 46.058866524962795 ], [ -73.338264794973867, 46.058843895253716 ], [ -73.338109698941892, 46.058852790700492 ], [ -73.33798039648704, 46.058879501003055 ], [ -73.337954417077938, 46.058906494430687 ], [ -73.33789587481283, 46.058981954858638 ], [ -73.337863708606477, 46.059023401180809 ], [ -73.337785900201354, 46.059077293435436 ], [ -73.337734216058294, 46.059095104555801 ], [ -73.337630685109076, 46.059121998955227 ], [ -73.33746269852152, 46.059148797643772 ], [ -73.337165208588644, 46.059184292793717 ], [ -73.337036091296525, 46.059166193194322 ], [ -73.336907010682538, 46.059103014905666 ], [ -73.336790987782663, 46.059021808211725 ], [ -73.336236993515783, 46.058400193527405 ], [ -73.336095186183215, 46.058309998077732 ], [ -73.335926979739895, 46.058345706428689 ], [ -73.335836308233581, 46.058417612756493 ], [ -73.335719887756724, 46.058462408933956 ], [ -73.335616212378596, 46.058543289510112 ], [ -73.3354344025296, 46.058857887556911 ], [ -73.335343498860752, 46.058974699386198 ], [ -73.335214112099905, 46.059055513595148 ], [ -73.335058907801852, 46.059073314037569 ], [ -73.334942689115763, 46.059037202959168 ], [ -73.334839593761473, 46.058973985825929 ], [ -73.334710282419792, 46.058955895129543 ], [ -73.334488516676373, 46.058973713886353 ], [ -73.334270704932905, 46.0589911913912 ], [ -73.334128707804751, 46.058954998310881 ], [ -73.334012615906801, 46.058891902696544 ], [ -73.333961110934098, 46.058792804852175 ], [ -73.333935592607531, 46.058675807296993 ], [ -73.333871304463599, 46.058585703113913 ], [ -73.333780989445359, 46.058522608142042 ], [ -73.333290185326291, 46.058432008144059 ], [ -73.333045097109775, 46.058278601311223 ], [ -73.332955001072818, 46.058188488269955 ], [ -73.332851498623128, 46.058161310884245 ], [ -73.332592995184655, 46.058205990952658 ], [ -73.332437788452637, 46.058214694366669 ], [ -73.331997890389857, 46.058358109741015 ], [ -73.331933401109083, 46.058358002949909 ], [ -73.331687698424886, 46.058366601724067 ], [ -73.331326197130196, 46.05828509821297 ], [ -73.331248497759901, 46.058294001217597 ], [ -73.331196804317912, 46.058302900882602 ], [ -73.330886498149781, 46.058383410455761 ], [ -73.330834797019563, 46.058383402219839 ], [ -73.330718383519169, 46.058392198875616 ], [ -73.330382492863563, 46.058337589100844 ], [ -73.330214714710692, 46.058292400268307 ], [ -73.330085611445924, 46.058229205288704 ], [ -73.330085812157009, 46.058184292323268 ], [ -73.330072979486346, 46.058121204344907 ], [ -73.330112103416553, 46.057995411344251 ], [ -73.33020288693811, 46.057896495967839 ], [ -73.330390491575486, 46.057828508344194 ], [ -73.330474679270893, 46.05779800669491 ], [ -73.330539513272157, 46.057726089518091 ], [ -73.330539802453288, 46.057645093647011 ], [ -73.330488307163151, 46.057555006617704 ], [ -73.330398183313264, 46.057473896276051 ], [ -73.33014008890936, 46.057329584801579 ], [ -73.329998009308412, 46.057284407386327 ], [ -73.329842913254012, 46.057284196266266 ], [ -73.329700692987458, 46.057301994534001 ], [ -73.329519807801759, 46.057292712690682 ], [ -73.329351901750968, 46.057247388732662 ], [ -73.329274482391398, 46.057220299488932 ], [ -73.329171103227011, 46.057193195864492 ], [ -73.328770788362803, 46.057129602920988 ], [ -73.328529237993067, 46.057129278183965 ], [ -73.328460586872851, 46.05712920056925 ], [ -73.328421793785225, 46.057129103389293 ], [ -73.328305299368964, 46.057191899716777 ], [ -73.328201609925799, 46.057281703405749 ], [ -73.328072204661879, 46.057344506768821 ], [ -73.327891095616579, 46.057398207586239 ], [ -73.327697100847345, 46.057415897972675 ], [ -73.327503414039654, 46.057388697031485 ], [ -73.327322596063709, 46.057343296268336 ], [ -73.327066271741856, 46.057243662822074 ], [ -73.326974096146003, 46.057207790240106 ], [ -73.326767392030362, 46.057189504964263 ], [ -73.326585719106561, 46.057163936459176 ], [ -73.326121507683666, 46.057098594448092 ], [ -73.325695304720128, 46.05697200653124 ], [ -73.324507303580944, 46.056673288857141 ], [ -73.324390890614225, 46.056672984935858 ], [ -73.324300399094412, 46.056709003146672 ], [ -73.324106083324352, 46.056852606232084 ], [ -73.323963805421698, 46.056915313101342 ], [ -73.323821503638285, 46.056933111911917 ], [ -73.323744195734321, 46.056879003284351 ], [ -73.323745317546653, 46.056528098959724 ], [ -73.323707400567571, 46.056231198249392 ], [ -73.32364318940914, 46.056105102345036 ], [ -73.323553000710604, 46.056023995486903 ], [ -73.323256015771889, 46.05594249333349 ], [ -73.323062299725422, 46.055915195605841 ], [ -73.322881510855282, 46.055860910357111 ], [ -73.322713813602107, 46.055779698487456 ], [ -73.322571917611455, 46.055680497660838 ], [ -73.322417005488703, 46.055599305554566 ], [ -73.322068498127152, 46.055472786699298 ], [ -73.32191359556704, 46.055409593796 ], [ -73.321797698448577, 46.055319508000252 ], [ -73.321733415034487, 46.055184408834165 ], [ -73.321682592319618, 46.054914391292755 ], [ -73.321696701770918, 46.054545498303597 ], [ -73.321762292344019, 46.054284696449869 ], [ -73.321827196447828, 46.054176696809918 ], [ -73.321802111808509, 46.053933793979688 ], [ -73.321802210026959, 46.053906803913897 ], [ -73.321747516094334, 46.053748315206967 ], [ -73.321699707237926, 46.053609713951005 ], [ -73.321686987295081, 46.053582696257692 ], [ -73.32163561519647, 46.053474708142446 ], [ -73.321481191980808, 46.053249497253908 ], [ -73.321404090285469, 46.053141407560517 ], [ -73.321365594737273, 46.053024393813942 ], [ -73.32139180844419, 46.052925513644425 ], [ -73.321508305540789, 46.052835691149852 ], [ -73.321689382233032, 46.052808904016672 ], [ -73.321870283680937, 46.052809196430573 ], [ -73.32206420794779, 46.052818491687049 ], [ -73.322219290768871, 46.052800691911017 ], [ -73.322258413486281, 46.052710897433762 ], [ -73.322245688148485, 46.052593888389005 ], [ -73.322181385981807, 46.052512807424982 ], [ -73.322065289588025, 46.05244961085701 ], [ -73.321987884342519, 46.052413503972211 ], [ -73.321897605461388, 46.052377410727253 ], [ -73.321626790924455, 46.052197009968893 ], [ -73.321497890040817, 46.052079793214155 ], [ -73.321459292614023, 46.052016805935189 ], [ -73.321317896338556, 46.051809611455248 ], [ -73.321227813632063, 46.051692606573042 ], [ -73.320995986973557, 46.051422301495613 ], [ -73.320970392608601, 46.051386205290726 ], [ -73.320725912903058, 46.051070897339066 ], [ -73.320661503555499, 46.050971794312581 ], [ -73.320584193619567, 46.050890697128708 ], [ -73.320493983071898, 46.050827605735648 ], [ -73.320442495848511, 46.050773507660871 ], [ -73.320404082044803, 46.050674508924565 ], [ -73.320339791119281, 46.050584495628492 ], [ -73.320478823854287, 46.052834719637346 ], [ -73.320535544306807, 46.052875623963232 ], [ -73.320686995215397, 46.053024167685386 ], [ -73.320810434809204, 46.053137541028413 ], [ -73.320866194909215, 46.053202842867009 ], [ -73.320336149224588, 46.068441870291494 ], [ -73.31719791125083, 46.068437982726373 ], [ -73.317087444415094, 46.067038970620587 ], [ -73.31517832021035, 46.067136893650684 ], [ -73.315155248068834, 46.076993138402919 ], [ -73.31243962525086, 46.076922585391621 ], [ -73.312128049154424, 46.060842797034283 ], [ -73.309997614147662, 46.060817866987222 ], [ -73.30992424221823, 46.061737112766437 ], [ -73.307909804320744, 46.061566572634426 ], [ -73.307759999496, 46.066321024334329 ], [ -73.304839425296237, 46.066328253951632 ], [ -73.304891137486621, 46.06932122670969 ], [ -73.303677114114478, 46.069357487170031 ], [ -73.303340657361787, 46.062656418800785 ], [ -73.301770052750371, 46.06268145361841 ], [ -73.301767493514177, 46.063573527769371 ], [ -73.298577890797745, 46.06374251612705 ], [ -73.29861569349292, 46.059966382009051 ], [ -73.296928598497459, 46.059804538918868 ], [ -73.29668815837627, 46.065067212854011 ], [ -73.29144470701101, 46.065002145547012 ], [ -73.2914589008913, 46.066113613199036 ], [ -73.290848974647645, 46.066635818297968 ], [ -73.290631139562478, 46.074005927620867 ], [ -73.286191472406841, 46.073046611461486 ], [ -73.286268531227293, 46.07385000985127 ], [ -73.286524366456121, 46.074866718864584 ], [ -73.282249716071348, 46.073521414666345 ], [ -73.282332239057951, 46.075288976437761 ], [ -73.266500620293471, 46.071066485206856 ], [ -73.265388144413578, 46.070727356898075 ], [ -73.263049778012302, 46.070080884783415 ], [ -73.263061601795968, 46.070130694274368 ], [ -73.263009188702497, 46.070265495288446 ], [ -73.262840588479321, 46.070400101426415 ], [ -73.262594295736179, 46.070561592539406 ], [ -73.262204814003525, 46.07092970418433 ], [ -73.261983980026798, 46.071199202751629 ], [ -73.26195770278774, 46.071288995315847 ], [ -73.261970313397214, 46.071361111562688 ], [ -73.262073212233844, 46.07149619546994 ], [ -73.262163395490163, 46.071559406156013 ], [ -73.26226659339747, 46.071604688132268 ], [ -73.262369913483411, 46.071640794355957 ], [ -73.262511696447859, 46.071722111271995 ], [ -73.262718594274403, 46.071722490846433 ], [ -73.262938705291944, 46.071660011140921 ], [ -73.263029101714494, 46.071660209432167 ], [ -73.263093602578707, 46.071696399013241 ], [ -73.263106293623096, 46.071741299365115 ], [ -73.263067397156476, 46.071786206732348 ], [ -73.262911811095734, 46.071884908154018 ], [ -73.262665706291727, 46.072001390109925 ], [ -73.262069887812018, 46.072243105257456 ], [ -73.262005216418714, 46.072278898105871 ], [ -73.26170711036653, 46.072467211539561 ], [ -73.261577603054093, 46.072494002447044 ], [ -73.261409587816999, 46.072475598756235 ], [ -73.26135798839961, 46.072457491591642 ], [ -73.26098360725706, 46.072348712826773 ], [ -73.260519006823515, 46.072176897676535 ], [ -73.260183293067868, 46.072077200986591 ], [ -73.259757400022934, 46.071914290020302 ], [ -73.2594475919187, 46.071814690398199 ], [ -73.259163295516416, 46.071769095849127 ], [ -73.258736802138941, 46.07175918824435 ], [ -73.258581585659968, 46.071767910219229 ], [ -73.258335796888701, 46.071812402325612 ], [ -73.258219396140547, 46.071839098710399 ], [ -73.258113371145043, 46.071875713101967 ], [ -73.258057122967543, 46.071824596581017 ], [ -73.255794631727753, 46.07065855613309 ], [ -73.235278461064794, 46.056034453478318 ], [ -73.233709259040154, 46.055081216201721 ], [ -73.22954646382594, 46.05204436604091 ], [ -73.229306097399473, 46.051886237566265 ], [ -73.221337010274738, 46.046397774745131 ], [ -73.18394947235133, 46.020406426134684 ], [ -73.173496234740057, 46.015260472760474 ], [ -73.173009732810357, 46.016717148853424 ], [ -73.172507137064173, 46.018221843539699 ], [ -73.172060597382213, 46.01955871415214 ], [ -73.171633664558115, 46.02083682030657 ], [ -73.169844685395191, 46.02619150276778 ], [ -73.169497521466198, 46.026766410347172 ], [ -73.167669234406674, 46.0297940676314 ], [ -73.163575762667804, 46.036571320530861 ], [ -73.159001488437823, 46.042012940523222 ], [ -73.158114351524986, 46.04306813424418 ], [ -73.155390034209077, 46.044790356959176 ], [ -73.151404074629568, 46.047831368905406 ], [ -73.147133713992048, 46.050166823404538 ], [ -73.141183344190964, 46.051719733730188 ], [ -73.140699049328404, 46.0518460962288 ], [ -73.138331691451086, 46.052322035596781 ], [ -73.137711134233783, 46.052446781265864 ], [ -73.131005332549407, 46.05379450906625 ], [ -73.130145094266609, 46.053967360787979 ], [ -73.124168736464213, 46.055167928918173 ], [ -73.117523200587598, 46.056291925847169 ], [ -73.116932522333016, 46.056391802221945 ], [ -73.115490470071322, 46.056806251026934 ], [ -73.114456871544164, 46.057103259071759 ], [ -73.110402142814195, 46.058268305095531 ], [ -73.105904432806952, 46.059560379851341 ], [ -73.105697800593276, 46.059623452208953 ], [ -73.098372792714841, 46.061859237411618 ], [ -73.097683053803891, 46.06209183356895 ], [ -73.097672147475237, 46.062076390492081 ], [ -73.094254156616444, 46.057257173639712 ], [ -73.09422869697363, 46.057221295188825 ], [ -73.08955240980012, 46.050725394094464 ], [ -73.089075050982828, 46.050004230023781 ], [ -73.089268293623604, 46.049915175014803 ], [ -73.089558292605702, 46.049781541089949 ], [ -73.089290239278668, 46.049312657347372 ], [ -73.08924116137851, 46.049193442535383 ], [ -73.088729604521333, 46.047951437978696 ], [ -73.088619589778091, 46.047684332554113 ], [ -73.086800138770386, 46.046515510338274 ], [ -73.086799721637647, 46.046515156639842 ], [ -73.082125779660601, 46.042902628726928 ], [ -73.069828620496565, 46.033647750116153 ], [ -73.069697711948862, 46.0337920017001 ], [ -73.069359883706838, 46.034033605506082 ], [ -73.069242701405415, 46.034159087417059 ], [ -73.069151605293285, 46.034239707860209 ], [ -73.068852710685988, 46.034463614324025 ], [ -73.068592516129527, 46.034696602574165 ], [ -73.068268901918884, 46.034785290351671 ], [ -73.067868319387614, 46.034810791982956 ], [ -73.067428592310534, 46.034854103227282 ], [ -73.067338099432931, 46.034871799517063 ], [ -73.067027790157681, 46.034906595911963 ], [ -73.066937101368637, 46.034933193250019 ], [ -73.066807502765073, 46.034995802637539 ], [ -73.066651603532208, 46.03508510334305 ], [ -73.066483311500207, 46.035147494491596 ], [ -73.066238022592444, 46.035119491824041 ], [ -73.065928395546692, 46.035073412184666 ], [ -73.065644688009613, 46.035000293941913 ], [ -73.065399619955357, 46.034945294304435 ], [ -73.065206489261854, 46.034863706005375 ], [ -73.065039506248937, 46.034746105678977 ], [ -73.064730614624665, 46.034609897878255 ], [ -73.064150884596785, 46.034400693539439 ], [ -73.063493713626542, 46.034182303341147 ], [ -73.062938691932672, 46.034108309813014 ], [ -73.062577707255116, 46.034025900213969 ], [ -73.062255788531473, 46.03388970489658 ], [ -73.061843705993127, 46.03372610200941 ], [ -73.061495597765798, 46.033643791466183 ], [ -73.061250915690394, 46.033552901969891 ], [ -73.061018795571158, 46.033479988671061 ], [ -73.060735102123189, 46.033424900289091 ], [ -73.060347709114893, 46.033405503743531 ], [ -73.060063383589394, 46.033431404305738 ], [ -73.059829911996658, 46.033547413972549 ], [ -73.059726307912129, 46.033573997648659 ], [ -73.05948031545114, 46.033645102462842 ], [ -73.058897500019455, 46.033831809905259 ], [ -73.057887511962818, 46.034124791262698 ], [ -73.056359804083058, 46.034541710756962 ], [ -73.054753999144609, 46.03502138851379 ], [ -73.053731188843031, 46.035296303206792 ], [ -73.052475310858952, 46.035633313681615 ], [ -73.051400706566525, 46.035926011275428 ], [ -73.050571792607997, 46.036183694645949 ], [ -73.049782108699702, 46.036387491997978 ], [ -73.049657745830729, 46.036412447537288 ], [ -73.043332424096889, 46.033863041344489 ], [ -73.039132623402608, 46.034577552194818 ], [ -73.038897297952403, 46.036314063655666 ], [ -73.035518541669717, 46.037863499690793 ], [ -73.027773334998088, 46.034834228334596 ], [ -73.027426179006127, 46.034699292660235 ], [ -73.024189678403559, 46.033453772968087 ], [ -73.022238145429995, 46.03270267594332 ], [ -73.022145254714459, 46.032626816081546 ], [ -73.021985611120598, 46.032765611708101 ], [ -73.021920410738574, 46.032828297535232 ], [ -73.021880704428412, 46.032936111125885 ], [ -73.021657421440011, 46.033358094311367 ], [ -73.021525799471803, 46.033654405913495 ], [ -73.021485598938725, 46.033816208692556 ], [ -73.021380494316062, 46.034022711988335 ], [ -73.021197683729213, 46.034237909638598 ], [ -73.021041303371405, 46.034390193829118 ], [ -73.020898683356577, 46.034461608485799 ], [ -73.020652686256398, 46.034523597749157 ], [ -73.020458792331738, 46.034540792324158 ], [ -73.019890385305345, 46.034529396705658 ], [ -73.01943811217653, 46.034536401010932 ], [ -73.019244200377315, 46.034562587366231 ], [ -73.018959211331449, 46.034642399834915 ], [ -73.018389202650283, 46.034837902541227 ], [ -73.018246482172074, 46.034900401116793 ], [ -73.018143102012971, 46.034908888971415 ], [ -73.017820399925853, 46.034880505468863 ], [ -73.017627108578353, 46.03482581119377 ], [ -73.017279610643314, 46.034680299641295 ], [ -73.017021697576112, 46.034616187835951 ], [ -73.016557389979468, 46.034533185383616 ], [ -73.016389799504168, 46.034487590137687 ], [ -73.016248395796694, 46.034405996978386 ], [ -73.016120310223414, 46.034279511141776 ], [ -73.016017683963312, 46.034189097143532 ], [ -73.015902291380243, 46.034098595636486 ], [ -73.015812416674692, 46.034044205109318 ], [ -73.015632307098656, 46.033944504524989 ], [ -73.015168815435061, 46.033771605174508 ], [ -73.014794614228478, 46.033725009283707 ], [ -73.014251706086739, 46.033758708536517 ], [ -73.014135205880834, 46.033785210855079 ], [ -73.013669115465973, 46.033900198175211 ], [ -73.013358990228454, 46.033907890411015 ], [ -73.012958994052397, 46.033861188302119 ], [ -73.01270148846821, 46.033752183909492 ], [ -73.012282831350817, 46.033618719104233 ], [ -73.012186209585707, 46.033587892868098 ], [ -73.012264810407899, 46.033471310837541 ], [ -73.012499310683893, 46.033238292452253 ], [ -73.012643000832398, 46.033068003146134 ], [ -73.012890890058927, 46.032790187556493 ], [ -73.01309988556369, 46.032521192873425 ], [ -73.013269309583336, 46.032359908452541 ], [ -73.013373192092118, 46.032288387386252 ], [ -73.013684987578145, 46.0320826944426 ], [ -73.013737015784002, 46.032055990356689 ], [ -73.013970591435736, 46.03193099311305 ], [ -73.014125911841319, 46.031886604525418 ], [ -73.014385287001005, 46.031788806860334 ], [ -73.014658017659258, 46.031618997791185 ], [ -73.014878996863203, 46.031449010478973 ], [ -73.014931595533056, 46.031359201787687 ], [ -73.01501140591553, 46.031098590117409 ], [ -73.015078793587065, 46.030766006215401 ], [ -73.015253186129641, 46.030028895123422 ], [ -73.015293504491254, 46.029858094137374 ], [ -73.015337003825238, 46.029309495819639 ], [ -73.015403398983906, 46.029111806915843 ], [ -73.015771902329789, 46.028312607554284 ], [ -73.016165208587068, 46.027657505184045 ], [ -73.016309384692349, 46.02741510242646 ], [ -73.016387412273588, 46.027361494069574 ], [ -73.016439610943721, 46.027289704647785 ], [ -73.016498393413841, 46.027037739057768 ], [ -73.017853831699838, 46.028065257065009 ], [ -73.020781644761016, 46.030245271681437 ], [ -73.022819136923246, 46.024318288646761 ], [ -73.023492552963845, 46.022358972157299 ], [ -73.025121081374238, 46.022644642053649 ], [ -73.030109436361045, 46.023473108954548 ], [ -73.030226734435757, 46.023528535280938 ], [ -73.030295490251348, 46.023199586185278 ], [ -73.030310210884124, 46.02299270263515 ], [ -73.030377310957931, 46.022687102951075 ], [ -73.030392282445021, 46.02245320239426 ], [ -73.030406295166415, 46.022318305087701 ], [ -73.030432912492785, 46.022228391846866 ], [ -73.0304983864863, 46.022129698957691 ], [ -73.030550704368835, 46.02203999356302 ], [ -73.030823792674767, 46.021825207064666 ], [ -73.030953505184627, 46.021762594321046 ], [ -73.031096295125366, 46.021682298758293 ], [ -73.031251890253543, 46.021601991161539 ], [ -73.031368592608146, 46.021539505776197 ], [ -73.031679592262179, 46.021414810983174 ], [ -73.031809314742645, 46.021361302912489 ], [ -73.032107819164793, 46.021182491046844 ], [ -73.032172705787815, 46.021146891275642 ], [ -73.032289398629743, 46.021093294142347 ], [ -73.032509805571081, 46.020995204489083 ], [ -73.032730693170592, 46.020843208603829 ], [ -73.032977210435106, 46.020700189348844 ], [ -73.033120088146873, 46.020610887714092 ], [ -73.033536211710015, 46.020270710914531 ], [ -73.0337966854473, 46.020010805242961 ], [ -73.033862201830132, 46.01991198949716 ], [ -73.03388838640025, 46.019858106065612 ], [ -73.034241913537471, 46.019283793881151 ], [ -73.034346681965189, 46.019104201608798 ], [ -73.034412194697495, 46.018996601161135 ], [ -73.034505517292118, 46.018646000213991 ], [ -73.034545011563253, 46.018565195396604 ], [ -73.03461019795391, 46.018493486448051 ], [ -73.034688104393794, 46.018439793764131 ], [ -73.034766766771426, 46.018285625614816 ], [ -73.035304100817143, 46.01715649287047 ], [ -73.036243436217006, 46.01538877141035 ], [ -73.036846097718325, 46.010479575656575 ], [ -73.038871641334012, 46.003962559409807 ], [ -73.036890639075594, 46.001746198955047 ], [ -73.036814986040611, 46.0016615208621 ], [ -73.037107469085001, 46.00004327649502 ], [ -73.037499170653689, 45.997875817274263 ], [ -73.040617690694475, 45.997860873377753 ], [ -73.041512835818708, 45.99677094197073 ], [ -73.043010862409758, 45.994946786696261 ], [ -73.03939790606006, 45.994145627190157 ], [ -73.039747565384701, 45.993238290330261 ], [ -73.041506881254477, 45.988672477815044 ], [ -73.04279409617682, 45.989624659664983 ], [ -73.044189846274691, 45.990663457287205 ], [ -73.045583930984151, 45.991706195642365 ], [ -73.046978070653338, 45.992748941729431 ], [ -73.048368339277403, 45.993786483293064 ], [ -73.04976040352004, 45.994820050879881 ], [ -73.051146854460967, 45.99585239582003 ], [ -73.053526204918825, 45.997617137438468 ], [ -73.056759281006819, 45.999985802223797 ], [ -73.056846059561153, 46.000060161073115 ], [ -73.057638111408281, 46.00154248130093 ], [ -73.06106412773471, 46.0036920385662 ], [ -73.061174052185763, 46.003737340737239 ], [ -73.061072709321451, 46.003842105640373 ], [ -73.060850601207008, 46.004156090518975 ], [ -73.060446591179328, 46.004640395842706 ], [ -73.060250483346053, 46.004896271762412 ], [ -73.06456135834874, 46.007003960424974 ], [ -73.068222461651189, 46.00835704821543 ], [ -73.072430387904603, 46.010194716973061 ], [ -73.073334265103639, 46.009878308338394 ], [ -73.081532055461622, 46.013064566307968 ], [ -73.083750677437408, 46.011592273945574 ], [ -73.084868718168806, 46.010850292056425 ], [ -73.087386470874719, 46.007420886493584 ], [ -73.089354717494629, 46.006085174306364 ], [ -73.088281028916484, 46.000078218596599 ], [ -73.088271024084705, 46.000022109301497 ], [ -73.0888775431673, 45.998269335764732 ], [ -73.090250390310914, 45.995213617419857 ], [ -73.09200226096749, 45.992920103193114 ], [ -73.09281240894471, 45.993369069857401 ], [ -73.097962202983126, 45.990322194645366 ], [ -73.104196865672989, 45.980568916659465 ], [ -73.114605307952871, 45.98809226716002 ], [ -73.116083019992985, 45.986104072245766 ], [ -73.119297144153819, 45.987196755834724 ], [ -73.136382838422378, 45.992968839842945 ], [ -73.142390380942629, 45.994803005194129 ], [ -73.145281763080206, 45.995769057226383 ], [ -73.146467868898128, 45.991159406690841 ], [ -73.146258367340323, 45.988410310234158 ], [ -73.146155672625994, 45.987062303565082 ], [ -73.146135519845359, 45.986797871389975 ], [ -73.144337616945577, 45.980844214333558 ], [ -73.143720001387237, 45.978934216475338 ], [ -73.14211822634293, 45.975173980569608 ], [ -73.142170793800133, 45.972677308402318 ], [ -73.142263478970577, 45.968272963187268 ], [ -73.144481779473139, 45.963069312001927 ], [ -73.144930743858325, 45.962015998101037 ], [ -73.146176873962659, 45.958297648605651 ], [ -73.146584696556118, 45.955300700884173 ], [ -73.147750831446444, 45.952163500594516 ], [ -73.150023548502048, 45.942997632438733 ], [ -73.150249358503942, 45.93530743448828 ], [ -73.152224676617095, 45.932333213748343 ], [ -73.155755257714631, 45.928574928231058 ], [ -73.157066031500335, 45.926255264615456 ], [ -73.156329156797341, 45.924191672564014 ], [ -73.154701899218878, 45.921992785596501 ], [ -73.151806156599022, 45.918518718978476 ], [ -73.151981033703322, 45.916541921550916 ], [ -73.154136504397044, 45.911751453817615 ], [ -73.154570376563186, 45.909352604528948 ], [ -73.152749923949827, 45.906900872877941 ], [ -73.151614370337342, 45.903746135942846 ], [ -73.151531869036049, 45.902691019729168 ], [ -73.151294024294302, 45.899649421796994 ], [ -73.151289954641328, 45.899597209924245 ], [ -73.152129365010467, 45.895741678645678 ], [ -73.152759838154651, 45.892801829084391 ], [ -73.153493690805632, 45.884114063052905 ], [ -73.153488224839705, 45.884053872176523 ], [ -73.153111044532835, 45.879895901279113 ], [ -73.152808013019865, 45.876555166377671 ], [ -73.152660656906349, 45.874930292511301 ], [ -73.150195485226803, 45.87064660233397 ], [ -73.148760169526938, 45.86451457135972 ], [ -73.148423861068068, 45.863053959859037 ], [ -73.146670037178396, 45.855435889332057 ], [ -73.14674870920301, 45.848088291658563 ], [ -73.145648936558615, 45.843458049397604 ], [ -73.143497459407556, 45.839505607903867 ], [ -73.139354514606012, 45.835078049561808 ], [ -73.138923805330464, 45.833450369990388 ], [ -73.140577392001646, 45.829691545998998 ], [ -73.139279087980555, 45.828541997874773 ], [ -73.138738005101601, 45.828074684685035 ], [ -73.13707168601573, 45.826859739701767 ], [ -73.123593894465486, 45.817980083863382 ], [ -73.107105667998638, 45.805060535968153 ], [ -73.096124593776835, 45.797962541972474 ], [ -73.101313663277608, 45.792556603368901 ], [ -73.103288511078958, 45.789406193474477 ], [ -73.10423434310367, 45.787897161414108 ], [ -73.098485925240595, 45.783981934059213 ], [ -73.095474483751161, 45.781930469467376 ], [ -73.092183426447278, 45.779688210198209 ], [ -73.092174229799411, 45.779031367870815 ], [ -73.092143684493237, 45.776856622084452 ], [ -73.091120615053796, 45.776116138352556 ], [ -73.093297867142638, 45.772277734030403 ], [ -73.072637786212709, 45.757348020296334 ], [ -73.061513195494442, 45.750063808718807 ], [ -73.059023069060885, 45.74823567137198 ], [ -73.059031928890093, 45.748220094398931 ], [ -73.073703493147292, 45.717909318587644 ], [ -73.081078907178394, 45.72308945509549 ], [ -73.081119449120351, 45.723124328165056 ], [ -73.081267297844192, 45.723237211512497 ], [ -73.081427969658137, 45.723349753145527 ], [ -73.081548099667003, 45.723427421638071 ], [ -73.081655373083208, 45.723505424183969 ], [ -73.081695915854922, 45.723540297060438 ], [ -73.081736493318104, 45.723575177302962 ], [ -73.086601536100332, 45.727282973988629 ], [ -73.088953464000866, 45.729071539686359 ], [ -73.089034081957919, 45.729132299458477 ], [ -73.089101317681695, 45.729184405875394 ], [ -73.089182973258417, 45.729263166902747 ], [ -73.094022940856334, 45.722088573878004 ], [ -73.104060913749279, 45.714086309366124 ], [ -73.111768828924141, 45.699362263854837 ], [ -73.11499135324469, 45.692752403932687 ], [ -73.115994662744527, 45.685779890730167 ], [ -73.115996457769711, 45.685767372143012 ], [ -73.116423159510546, 45.673901408279932 ], [ -73.107921708139003, 45.666959739991491 ], [ -73.101189302903094, 45.661968738642038 ], [ -73.100819022788329, 45.660577412564528 ], [ -73.100685546549784, 45.658227386597893 ], [ -73.100649990296645, 45.657601856529531 ], [ -73.100268238388537, 45.650879479676306 ], [ -73.100187820681469, 45.648768935875808 ], [ -73.10000423021431, 45.643947701841682 ], [ -73.099690823694246, 45.635717060925217 ], [ -73.099551451634113, 45.630426176183988 ], [ -73.099037602178043, 45.621971585464884 ], [ -73.099089278840012, 45.621754071139371 ], [ -73.099115838128625, 45.621546270061025 ], [ -73.099111731372801, 45.621474362756139 ], [ -73.099109677999877, 45.62143840911223 ], [ -73.099119903447246, 45.621393103167115 ], [ -73.099110116152232, 45.6212223361293 ], [ -73.099119240392056, 45.620934012350247 ], [ -73.099099203836545, 45.620808519864745 ], [ -73.099109943247299, 45.62077222245707 ], [ -73.099107365310786, 45.620727284762594 ], [ -73.099026417298845, 45.619091139406379 ], [ -73.099033060456506, 45.618982911529372 ], [ -73.09897697184357, 45.618228305897098 ], [ -73.098989688518529, 45.618002883854743 ], [ -73.098885573631691, 45.615962278704352 ], [ -73.098840240090027, 45.615171362415808 ], [ -73.098828892307324, 45.614973624030007 ], [ -73.098826839461239, 45.614937671420428 ], [ -73.09882426214665, 45.614892734885316 ], [ -73.098816530234103, 45.614757925333535 ], [ -73.098796531848095, 45.614632443600804 ], [ -73.098785173896204, 45.61443472992822 ], [ -73.098789729613301, 45.614290544437495 ], [ -73.098795358261285, 45.61416435845522 ], [ -73.098788116470587, 45.614038525866476 ], [ -73.098798375095043, 45.613993228819062 ], [ -73.098795797863659, 45.613948292472138 ], [ -73.09880388424024, 45.613641986056393 ], [ -73.098863199004157, 45.613334239409568 ], [ -73.098912824186556, 45.613080756994648 ], [ -73.099011088835354, 45.61278092224557 ], [ -73.099085779326202, 45.612517744589219 ], [ -73.099236012744313, 45.612074809671824 ], [ -73.099261318184446, 45.611999644956384 ], [ -73.099527965809258, 45.611168933621236 ], [ -73.108185903201829, 45.617308602220994 ], [ -73.108882873105372, 45.615526720290447 ], [ -73.117611019550054, 45.621458647182038 ], [ -73.131756148572123, 45.631990300671468 ], [ -73.131753005808704, 45.631936377246546 ], [ -73.131715930236126, 45.631739381090057 ], [ -73.131725107401124, 45.631676083680134 ], [ -73.131706050494998, 45.631568617087169 ], [ -73.131661672713477, 45.63124578900625 ], [ -73.131604500173239, 45.630923309840973 ], [ -73.131582311890412, 45.630761896183898 ], [ -73.131572929562466, 45.630600109920834 ], [ -73.131548661632934, 45.630402742149272 ], [ -73.13153722367737, 45.63020503344007 ], [ -73.131539619355777, 45.630024913526803 ], [ -73.131567626169968, 45.629844048330611 ], [ -73.1315977367599, 45.62969916909703 ], [ -73.131615017582774, 45.629554631063215 ], [ -73.131656881256333, 45.629391386384285 ], [ -73.131712081284292, 45.629236753383871 ], [ -73.131776967776759, 45.629027856592849 ], [ -73.13185519022781, 45.62882757149216 ], [ -73.132559412869114, 45.626808900488342 ], [ -73.132888978105328, 45.625854238533549 ], [ -73.13296510916382, 45.625618001761488 ], [ -73.133053025774075, 45.62536340706189 ], [ -73.133153700543005, 45.62510845652826 ], [ -73.133199219458703, 45.625008144450852 ], [ -73.133277925445995, 45.624816838477422 ], [ -73.133370521980567, 45.624643159482197 ], [ -73.133474337618907, 45.624442130967203 ], [ -73.13359094579161, 45.624240753771495 ], [ -73.133601668457686, 45.624204427478709 ], [ -73.13362521911408, 45.624167759799811 ], [ -73.133648745655634, 45.624131060515829 ], [ -73.133685100144632, 45.624094019832576 ], [ -73.133732177089016, 45.62402065286237 ], [ -73.133779740450933, 45.623956286875014 ], [ -73.133816105171888, 45.623919221918904 ], [ -73.13382681709443, 45.623882919900701 ], [ -73.133850343320034, 45.623846220610936 ], [ -73.133873893583143, 45.623809552925827 ], [ -73.134192125980604, 45.623323343136718 ], [ -73.135313048094034, 45.621634850325016 ], [ -73.135465991450246, 45.621396432328076 ], [ -73.135630717354559, 45.621139656224216 ], [ -73.135795441363484, 45.620882880114543 ], [ -73.135806693414423, 45.620855538057882 ], [ -73.135864472967924, 45.620745869291696 ], [ -73.135935055136585, 45.620635827226081 ], [ -73.135969819315548, 45.620571810126464 ], [ -73.136027608581955, 45.620462117145678 ], [ -73.136072594747759, 45.620352797518578 ], [ -73.13610894414785, 45.620315756486285 ], [ -73.136119131779779, 45.620270446601481 ], [ -73.136932041565487, 45.618581757573104 ], [ -73.138089426393037, 45.616199009537752 ], [ -73.138572051289302, 45.615230941594731 ], [ -73.138847573588961, 45.614673920135111 ], [ -73.139328578204129, 45.613678879541027 ], [ -73.139775829193255, 45.612765841236573 ], [ -73.139799379220861, 45.612729149572601 ], [ -73.139822884181072, 45.612692474804255 ], [ -73.13984590143032, 45.61264679953802 ], [ -73.139856605744583, 45.612610498629515 ], [ -73.139924058976931, 45.612446522083424 ], [ -73.139934773656577, 45.612410196949426 ], [ -73.139944955601223, 45.612364888229742 ], [ -73.139967972556619, 45.612319212999168 ], [ -73.140046128982007, 45.612118935731523 ], [ -73.140061822465853, 45.611947439785574 ], [ -73.140107562541615, 45.611631041961729 ], [ -73.140113891422502, 45.611297758006586 ], [ -73.140099255460086, 45.611046093225077 ], [ -73.140045721367173, 45.610786574201676 ], [ -73.140043102801926, 45.610741639678849 ], [ -73.140041016958833, 45.610705688687915 ], [ -73.140025076162289, 45.610652120290574 ], [ -73.139996868124371, 45.610607909297201 ], [ -73.139978831154892, 45.610518414201444 ], [ -73.139948004796082, 45.610429268757059 ], [ -73.13991979697532, 45.610385057783603 ], [ -73.139916645872745, 45.610331139828546 ], [ -73.139901770726922, 45.610295538512943 ], [ -73.139899152335346, 45.610250604084236 ], [ -73.139241803886975, 45.608207837664331 ], [ -73.139160581116215, 45.607913062509446 ], [ -73.139033075361965, 45.607484599799157 ], [ -73.138705735481437, 45.606485663233059 ], [ -73.138454956979928, 45.605700626160512 ], [ -73.138439541731628, 45.6056560662566 ], [ -73.138424669321324, 45.605620465440005 ], [ -73.138377901998652, 45.605477778207522 ], [ -73.13834446577772, 45.605343700729108 ], [ -73.13829562529871, 45.605165039239722 ], [ -73.138259051312374, 45.604977020943423 ], [ -73.138227202193448, 45.604869917866957 ], [ -73.138212817472095, 45.604843317333589 ], [ -73.138178860427445, 45.604700232631735 ], [ -73.138163978067283, 45.604664656171629 ], [ -73.138161361754939, 45.604619722819976 ], [ -73.138059922994145, 45.604358852361031 ], [ -73.133488379553128, 45.596713869714151 ], [ -73.133313553294997, 45.596401330091332 ], [ -73.133208211763929, 45.596322950921923 ], [ -73.127107861233611, 45.588583028137656 ], [ -73.128653698417963, 45.588241889474169 ], [ -73.130212937200625, 45.589209388856489 ], [ -73.131526559712327, 45.587640160269224 ], [ -73.135313110432975, 45.589832178433831 ], [ -73.1360666952217, 45.586288594413965 ], [ -73.136085950364716, 45.586094047965474 ], [ -73.13809177785987, 45.578039529381016 ], [ -73.137607074495904, 45.577688157797716 ], [ -73.137556204968433, 45.57765344402501 ], [ -73.137854538454647, 45.577450170960468 ], [ -73.137891870249589, 45.577431117593704 ], [ -73.137928193686093, 45.577394058672546 ], [ -73.137989058259521, 45.577338319874656 ], [ -73.138062723607163, 45.577282183260721 ], [ -73.138110773366407, 45.577226786356142 ], [ -73.138134295556199, 45.577190125181822 ], [ -73.138194638118961, 45.577125379862132 ], [ -73.13821658527813, 45.577061723632148 ], [ -73.138272229900579, 45.576916104872389 ], [ -73.138293644884413, 45.576843466505487 ], [ -73.138302269490893, 45.5767712017363 ], [ -73.138334426286519, 45.576662251605065 ], [ -73.138340967911518, 45.576554041333438 ], [ -73.138364465504353, 45.576517348612455 ], [ -73.138361850638788, 45.576472420905375 ], [ -73.138420412023464, 45.576155659242566 ], [ -73.13852232229533, 45.575702628249367 ], [ -73.138602250289779, 45.575313246519173 ], [ -73.138600177729231, 45.575277276928439 ], [ -73.138678587749254, 45.57486094003994 ], [ -73.138676504679466, 45.574824994768029 ], [ -73.138687211350174, 45.574788675873393 ], [ -73.138715697092906, 45.574616810824409 ], [ -73.138756961785873, 45.574444596504954 ], [ -73.138765440715787, 45.574398246175775 ], [ -73.135261321234836, 45.571903273037094 ], [ -73.134852058702052, 45.572266997811788 ], [ -73.120578006062402, 45.561960760800382 ], [ -73.120512531575471, 45.562154917480719 ], [ -73.1204636031961, 45.562417360091231 ], [ -73.120417259778435, 45.562724752681511 ], [ -73.12035760100683, 45.563023534963932 ], [ -73.12031019985956, 45.563312964850859 ], [ -73.120263336753936, 45.563611352598087 ], [ -73.120251733287873, 45.563854751839202 ], [ -73.120252916525871, 45.564097780335743 ], [ -73.120218310950563, 45.564386816311682 ], [ -73.120197033660858, 45.564684519283759 ], [ -73.120184911851993, 45.564918913635793 ], [ -73.120173318095752, 45.56516229004643 ], [ -73.120158106455207, 45.565342784430584 ], [ -73.120141814301022, 45.565505283698556 ], [ -73.120120375241967, 45.565577914095336 ], [ -73.12009116417704, 45.565664428290567 ], [ -73.119164399524223, 45.565032561257574 ], [ -73.116166842544871, 45.562974340760775 ], [ -73.112933480938182, 45.560737481504773 ], [ -73.110497885264294, 45.559048201243797 ], [ -73.110078814259339, 45.558757620371665 ], [ -73.10999872954946, 45.558702089417643 ], [ -73.105485495744531, 45.555603193080152 ], [ -73.105176934813741, 45.555386869311491 ], [ -73.105064395704588, 45.555307936855378 ], [ -73.104961477002135, 45.555235690982229 ], [ -73.10490539382144, 45.555196317324054 ], [ -73.10471890460461, 45.555056934482849 ], [ -73.104542589206602, 45.554909714861239 ], [ -73.104221610980716, 45.554605880439688 ], [ -73.103988517291484, 45.55435511766828 ], [ -73.103954339033933, 45.554287668355158 ], [ -73.103881004585475, 45.554350488619946 ], [ -73.103585609814104, 45.554466408704926 ], [ -73.103135302947251, 45.554752806689251 ], [ -73.102311390691838, 45.555325798208166 ], [ -73.102052185874385, 45.555756806016539 ], [ -73.101973103889492, 45.556089491192417 ], [ -73.101959689649675, 45.55617940088716 ], [ -73.101969505927372, 45.556593390827047 ], [ -73.102039989668327, 45.557493495324451 ], [ -73.102039808125284, 45.557520489163018 ], [ -73.102123604301212, 45.558357591067022 ], [ -73.10208150416689, 45.558879408897681 ], [ -73.101925617965108, 45.55918479585857 ], [ -73.101641509276945, 45.559507689503306 ], [ -73.101420086068444, 45.56001979892536 ], [ -73.101403318200511, 45.560595694951289 ], [ -73.101475601672618, 45.561234792711964 ], [ -73.101394419606066, 45.561613692943148 ], [ -73.101369617409091, 45.561729399048559 ], [ -73.101378994511649, 45.562224300292911 ], [ -73.10138689509867, 45.562803905976786 ], [ -73.101387290821179, 45.562836186842411 ], [ -73.101422914265697, 45.563250297480607 ], [ -73.101496785033618, 45.56367349975303 ], [ -73.101392688237553, 45.563897995587872 ], [ -73.101249699130562, 45.564203498239088 ], [ -73.100823982060348, 45.564597903267128 ], [ -73.100642894624187, 45.564867208284745 ], [ -73.100537906249656, 45.565217814054442 ], [ -73.100484797502475, 45.5654695066521 ], [ -73.100458701005621, 45.56554140976948 ], [ -73.100442499469537, 45.566018310911467 ], [ -73.100503604580567, 45.566441390062216 ], [ -73.100614206114287, 45.567089691431804 ], [ -73.10072631474894, 45.567558000710207 ], [ -73.10076657277483, 45.568067001059461 ], [ -73.097264253276904, 45.565483843862282 ], [ -73.085289736315488, 45.556931563645762 ], [ -73.085259642317382, 45.55679684411232 ], [ -73.085220712260522, 45.556563880830673 ], [ -73.085179497597181, 45.556373192411385 ], [ -73.062512028703637, 45.538310903439381 ], [ -73.062542941891635, 45.53826861243946 ], [ -73.062554217933865, 45.538241289565896 ], [ -73.062565483460787, 45.538213990925911 ], [ -73.06260128667121, 45.538167980279702 ], [ -73.063221248001042, 45.536899390373648 ], [ -73.06327856713942, 45.53678077215109 ], [ -73.06451405926245, 45.534312607468856 ], [ -73.064848683357397, 45.533623892301307 ], [ -73.064951222808304, 45.533428105273728 ], [ -73.065195452128734, 45.532961556941579 ], [ -73.065551756882485, 45.532226146546968 ], [ -73.066293253541104, 45.530754395956009 ], [ -73.06700161493923, 45.529297544670747 ], [ -73.067317520177767, 45.528647872053902 ], [ -73.067827020155775, 45.527649090631925 ], [ -73.068607347677883, 45.526119183166479 ], [ -73.068793327247889, 45.525728677670926 ], [ -73.069016063643431, 45.525261127524637 ], [ -73.0692120428603, 45.524889523996237 ], [ -73.069488329857592, 45.524365973251037 ], [ -73.069788872886448, 45.523735089083445 ], [ -73.069799588791952, 45.52369877926423 ], [ -73.069823149304099, 45.523662120382561 ], [ -73.069859450977233, 45.523625090298417 ], [ -73.069870201270192, 45.523588787865393 ], [ -73.069904477442932, 45.523515819181434 ], [ -73.06993875350382, 45.523442850508289 ], [ -73.069962289790055, 45.523406160024741 ], [ -73.069985850014646, 45.523369501148657 ], [ -73.070009375729583, 45.523332834895832 ], [ -73.070020125830524, 45.523296532492459 ], [ -73.070630992075365, 45.522100199908557 ], [ -73.070988108767324, 45.521397051493871 ], [ -73.071447003292079, 45.520457014185304 ], [ -73.073162776812097, 45.517069265180425 ], [ -73.073358163357099, 45.516676691924054 ], [ -73.074627675272467, 45.514228625055665 ], [ -73.075075721103573, 45.513324883968075 ], [ -73.075353436885948, 45.51280398140478 ], [ -73.07536366155469, 45.512758700106311 ], [ -73.075387177278486, 45.512722034196372 ], [ -73.075467993689983, 45.512566738338428 ], [ -73.075548809540152, 45.512411442516239 ], [ -73.07575748019346, 45.512027494964329 ], [ -73.075838259600715, 45.511872191884315 ], [ -73.075929815421631, 45.511680594995795 ], [ -73.075965618104561, 45.511634591899337 ], [ -73.077143354479063, 45.509378098677701 ], [ -73.077419994296051, 45.508839215137144 ], [ -73.078483093267195, 45.506819979267391 ], [ -73.079017905427364, 45.505798825317996 ], [ -73.070868915631905, 45.500116094490195 ], [ -73.070798833029556, 45.500070143809971 ], [ -73.06226821424454, 45.493565523619417 ], [ -73.068788259150111, 45.482487657274156 ], [ -73.072633072528589, 45.475952639216416 ], [ -73.072654389503825, 45.4759520688295 ], [ -73.079532665123395, 45.465567282216568 ], [ -73.086394822249162, 45.4710269789664 ], [ -73.086395482356053, 45.471026670266106 ], [ -73.086444467767009, 45.471066426957933 ], [ -73.086497604640897, 45.471100931358457 ], [ -73.086939584556632, 45.47144852231358 ], [ -73.087917582319221, 45.472222099868887 ], [ -73.088626340844911, 45.472760215300156 ], [ -73.088732622061386, 45.472829222034505 ], [ -73.090059706873589, 45.473889970441746 ], [ -73.091852938470296, 45.47527062339168 ], [ -73.093231763261144, 45.476338879422606 ], [ -73.09344586715784, 45.476503860487163 ], [ -73.093834986304188, 45.476806667643892 ], [ -73.094242602761653, 45.476633113442695 ], [ -73.100057527354778, 45.465968251771756 ], [ -73.102747246051408, 45.466847602947993 ], [ -73.106784245991989, 45.462904405129805 ], [ -73.114242035403407, 45.460848234880615 ], [ -73.117935399144329, 45.458899894237675 ], [ -73.115357587090898, 45.457042402292359 ], [ -73.114821096333685, 45.456655791337347 ], [ -73.114378637286279, 45.4563369319009 ], [ -73.114309242444762, 45.456286958211564 ], [ -73.113934546325822, 45.456016900277348 ], [ -73.113803901883912, 45.455922741541897 ], [ -73.111935067066923, 45.454575869277171 ], [ -73.112929027800959, 45.454409876004043 ], [ -73.113429890421855, 45.454326236984798 ], [ -73.114958746820051, 45.454070864071234 ], [ -73.115125314685571, 45.454043057700872 ], [ -73.115395493069371, 45.453997938144461 ], [ -73.115814470223242, 45.453927934546456 ], [ -73.113094170547484, 45.452015938632755 ], [ -73.110234100260527, 45.450085563421489 ], [ -73.108552256924156, 45.448823122791921 ], [ -73.107542601943592, 45.44811327998076 ], [ -73.09697375016799, 45.440597762902065 ], [ -73.095877727385854, 45.439818207248791 ], [ -73.095120313752503, 45.439294756884067 ], [ -73.095137498904791, 45.439138833756886 ], [ -73.095505434637019, 45.437249793745366 ], [ -73.097246531973269, 45.423194349714478 ], [ -73.097339073512046, 45.422510819082589 ], [ -73.111557070965858, 45.418119011555383 ], [ -73.125322771514419, 45.41485902274507 ], [ -73.125195537386602, 45.414509187810467 ], [ -73.125163075969326, 45.414262578244767 ], [ -73.120366819540266, 45.40311262031458 ], [ -73.141357478454211, 45.397569562721678 ], [ -73.162130866882435, 45.39212285570099 ], [ -73.161631086052026, 45.391164433899903 ], [ -73.161070354377841, 45.390091463094464 ], [ -73.160584425540236, 45.389205367007548 ], [ -73.160080501153161, 45.388229758219353 ], [ -73.16003595608565, 45.388123024157267 ], [ -73.159447190133477, 45.387005865886429 ], [ -73.158942781396604, 45.386021286037938 ], [ -73.158870665816437, 45.385879334639441 ], [ -73.158584222244755, 45.385347533229854 ], [ -73.158012422743894, 45.384301880127417 ], [ -73.157424790028458, 45.383202669086955 ], [ -73.156883262522115, 45.382237156225102 ], [ -73.156379462649284, 45.381261550057467 ], [ -73.155906965599257, 45.380384030830662 ], [ -73.155447210537801, 45.379506161158467 ], [ -73.155246207832874, 45.379124912581318 ], [ -73.155230352023693, 45.379071353951872 ], [ -73.159687830397061, 45.377662315124624 ], [ -73.159736261992478, 45.377650040657215 ], [ -73.164899854426196, 45.38161650401296 ], [ -73.179513378217848, 45.391315333960449 ], [ -73.199447938860331, 45.377676118354429 ], [ -73.209696881467593, 45.370623035397188 ], [ -73.206706174907652, 45.359882569297355 ], [ -73.204341197536564, 45.351600181455318 ], [ -73.204216591616699, 45.351271145824192 ], [ -73.204229074085376, 45.351199484328788 ], [ -73.204251912444022, 45.351153797801111 ], [ -73.20424873343849, 45.351099872046895 ], [ -73.204245046321361, 45.35103698093512 ], [ -73.204241324853939, 45.350974082521184 ], [ -73.20420840726112, 45.350849019196893 ], [ -73.204179743288591, 45.350795851185211 ], [ -73.204176021932795, 45.350732952837021 ], [ -73.204161157916559, 45.350697371934622 ], [ -73.204145785828914, 45.350652825679894 ], [ -73.204143636772102, 45.35061688652624 ], [ -73.204141532460184, 45.350580930470684 ], [ -73.20411285835705, 45.350527786729593 ], [ -73.204054999063999, 45.350412453909286 ], [ -73.203997140068466, 45.350297121111915 ], [ -73.2039519961575, 45.350181430106005 ], [ -73.203893595327287, 45.350057124709863 ], [ -73.203878766118848, 45.350021551189357 ], [ -73.203876085294297, 45.349976615254526 ], [ -73.203495491127342, 45.348934604977686 ], [ -73.203452498296869, 45.348854853310556 ], [ -73.202882950574974, 45.347422321450068 ], [ -73.202290078356086, 45.345810427284619 ], [ -73.201885621432581, 45.344796113845497 ], [ -73.201813436265695, 45.344654223161612 ], [ -73.2017805300802, 45.34452916251783 ], [ -73.201735442427733, 45.344413456507617 ], [ -73.201719498653645, 45.344359931346766 ], [ -73.20170306814488, 45.344297392630416 ], [ -73.20169670686083, 45.344189568518772 ], [ -73.201679203061474, 45.344109060768616 ], [ -73.201686638680201, 45.344018823687257 ], [ -73.20168242525547, 45.343730907874054 ], [ -73.201679285253164, 45.343460961458462 ], [ -73.201734080160065, 45.342874253685657 ], [ -73.201730443553714, 45.342379290402889 ], [ -73.201732094702351, 45.341974182309407 ], [ -73.201729416509181, 45.341929247942574 ], [ -73.201727314539966, 45.341893293240261 ], [ -73.201717778239384, 45.34173154673654 ], [ -73.201721530584862, 45.341578422089668 ], [ -73.201722604751012, 45.341380363292714 ], [ -73.20172372364064, 45.341182287766905 ], [ -73.201727441567215, 45.341029156178962 ], [ -73.201730662347202, 45.340867035497048 ], [ -73.201741272580989, 45.340830723062417 ], [ -73.20173862879912, 45.340785796248213 ], [ -73.201795783396946, 45.338506767907134 ], [ -73.201853981483723, 45.336245699866865 ], [ -73.201868973546155, 45.335417139433119 ], [ -73.201855189866521, 45.335183507351971 ], [ -73.2018292272666, 45.334959229703706 ], [ -73.201787369750434, 45.334465391633685 ], [ -73.201781020036535, 45.334357548087851 ], [ -73.201787380642102, 45.334249346693433 ], [ -73.201783698360074, 45.334186460263908 ], [ -73.201792712751555, 45.334123160179651 ], [ -73.201803355687389, 45.334086856163424 ], [ -73.201827226660441, 45.334059134717485 ], [ -73.201837327760614, 45.33401385869216 ], [ -73.20184794666585, 45.333977523142856 ], [ -73.202176176404137, 45.332833737229329 ], [ -73.202197402711718, 45.332761090668356 ], [ -73.202314257613693, 45.332361624763031 ], [ -73.202988711036383, 45.329947480228441 ], [ -73.203093847532884, 45.329566329692732 ], [ -73.20325263456472, 45.329012588494749 ], [ -73.203315829290943, 45.328785694713076 ], [ -73.203346618558157, 45.328658778095807 ], [ -73.203421491951076, 45.328413541799776 ], [ -73.203453354380372, 45.328304593132849 ], [ -73.203476181875345, 45.328258911522816 ], [ -73.203499009323949, 45.328213229916464 ], [ -73.203521329010428, 45.328158583864862 ], [ -73.20354361429969, 45.328103930501911 ], [ -73.203553156673308, 45.328049627968781 ], [ -73.20357548658879, 45.327994957719099 ], [ -73.203621672667751, 45.327912590551037 ], [ -73.203694394008437, 45.327847457901363 ], [ -73.203826019439617, 45.327699575622738 ], [ -73.20384992010743, 45.327671861760251 ], [ -73.20386106762578, 45.327644522984677 ], [ -73.20389610535004, 45.327589494571754 ], [ -73.204831429968351, 45.326571913248827 ], [ -73.204867539905109, 45.326534852338071 ], [ -73.205335195884118, 45.326026035465155 ], [ -73.205358552328647, 45.325989349742912 ], [ -73.205394627019615, 45.325952281400006 ], [ -73.205586780666209, 45.325748618646948 ], [ -73.205626522146559, 45.325706225044804 ], [ -73.190250301164284, 45.314749278669062 ], [ -73.189855488771755, 45.314480601574402 ], [ -73.189496338083032, 45.314230052179475 ], [ -73.18803163830205, 45.313183691392659 ], [ -73.184169915040812, 45.310416004408793 ], [ -73.18209439831007, 45.308955314997647 ], [ -73.181747511287696, 45.30869539057813 ], [ -73.181587859305409, 45.308583030954594 ], [ -73.181214989804189, 45.308314860743657 ], [ -73.180563157206834, 45.307856801682171 ], [ -73.179819003087445, 45.307347407636151 ], [ -73.179645594229711, 45.307217433675582 ], [ -73.17661199315053, 45.305073479016698 ], [ -73.174031501374827, 45.303258301690839 ], [ -73.173673019892561, 45.303016689792507 ], [ -73.171399174270306, 45.301426581250027 ], [ -73.170174334404393, 45.300544043698373 ], [ -73.169681687849675, 45.300188328031055 ], [ -73.169418509603801, 45.29700303681981 ], [ -73.169625676002184, 45.280928137347395 ], [ -73.169017509865867, 45.280664134862718 ], [ -73.168023432032143, 45.280232602631564 ], [ -73.180310393802202, 45.266033824376528 ], [ -73.189538309334239, 45.255846600904157 ], [ -73.190539506032579, 45.253784897856484 ], [ -73.190748700100201, 45.253540437860728 ], [ -73.192046868887005, 45.252983882655094 ], [ -73.208438003920136, 45.260168137135231 ], [ -73.2086869768696, 45.258960065716231 ], [ -73.208712879797744, 45.258967044942764 ], [ -73.208777045346139, 45.258974152459871 ], [ -73.208828432678089, 45.258981652510293 ], [ -73.208892066326896, 45.258979766799044 ], [ -73.210000957252873, 45.258964349369641 ], [ -73.210117916027144, 45.258963768601689 ], [ -73.212383364048009, 45.2589670260598 ], [ -73.213159977474987, 45.258953138434116 ], [ -73.214561579969583, 45.25894784498773 ], [ -73.215275092294021, 45.258944821952689 ], [ -73.216281238548802, 45.2589331577705 ], [ -73.221912578157969, 45.258901990666018 ], [ -73.22777399359498, 45.258881739316763 ], [ -73.227838127740469, 45.258888825942655 ], [ -73.227901750109766, 45.258886951021061 ], [ -73.228067126441715, 45.258882051251753 ], [ -73.22824577194541, 45.258885765787554 ], [ -73.228475306427498, 45.258887983086588 ], [ -73.228717038421408, 45.258880828289911 ], [ -73.228881912996883, 45.258866941307595 ], [ -73.229060558507868, 45.258870654226897 ], [ -73.229111447414184, 45.258869156985149 ], [ -73.229175080048947, 45.258867256943773 ], [ -73.229626716805072, 45.258862545106645 ], [ -73.229626809298111, 45.258875116681146 ], [ -73.229627322781326, 45.258935052260618 ], [ -73.23077123019371, 45.258919020034412 ], [ -73.232771866585523, 45.258913755005743 ], [ -73.233702212914295, 45.258913178143132 ], [ -73.234139711144579, 45.258912989263926 ], [ -73.23457736397441, 45.258912699069782 ], [ -73.237410854314305, 45.258911178524457 ], [ -73.239539237154688, 45.258910985420187 ], [ -73.241361753557968, 45.258910854624084 ], [ -73.242865646297645, 45.258911153668933 ], [ -73.243337450253648, 45.258915132607598 ], [ -73.244700212556396, 45.258925675453213 ], [ -73.244720645583769, 45.258740439733053 ], [ -73.244846661344567, 45.257599185583011 ], [ -73.244899813867264, 45.257206759420491 ], [ -73.245793787891259, 45.250005741708598 ], [ -73.245794633788393, 45.249999025692169 ], [ -73.246013164620933, 45.248238514995585 ], [ -73.245976740741582, 45.246090219446046 ], [ -73.246175947768137, 45.244993320905415 ], [ -73.247158048774878, 45.239713130474428 ], [ -73.246367478450239, 45.237041851391965 ], [ -73.24611416283652, 45.234657623165795 ], [ -73.246463986827408, 45.233264892810773 ], [ -73.246481896717896, 45.233264981762694 ], [ -73.256248512154414, 45.233808544774 ], [ -73.273146430204946, 45.233404464360497 ], [ -73.273360540018615, 45.243535447740946 ], [ -73.274134052706756, 45.259522009905105 ], [ -73.290510061343014, 45.259281315932938 ], [ -73.29631712597056, 45.259059403937272 ], [ -73.296233379478437, 45.251613595707049 ], [ -73.296220063136616, 45.250052295810804 ], [ -73.296155745775721, 45.246325299068189 ], [ -73.296028638683836, 45.237746117390927 ], [ -73.300452567906163, 45.240720737976055 ], [ -73.306275831667591, 45.244676172506743 ], [ -73.310929822213865, 45.247852834912237 ], [ -73.313605901785081, 45.249674747190106 ], [ -73.319530025276777, 45.253931497351253 ], [ -73.319568208615664, 45.253930347622166 ], [ -73.319606357647487, 45.25392919060414 ], [ -73.319671053194355, 45.253945203942656 ], [ -73.319735772796022, 45.25396124873874 ], [ -73.319801542289142, 45.253995239262167 ], [ -73.319854649255134, 45.254029635652053 ], [ -73.319881705407283, 45.254055815204694 ], [ -73.320426311063201, 45.25441730523702 ], [ -73.322578689989342, 45.255855031942303 ], [ -73.324848954991069, 45.257343105890307 ], [ -73.329584534245384, 45.260583235552296 ], [ -73.331126298468547, 45.261616359004101 ], [ -73.331895583694987, 45.262105958071928 ], [ -73.333078531923775, 45.262897977579961 ], [ -73.334426108613357, 45.263813851341126 ], [ -73.334917366278276, 45.264164846189722 ], [ -73.340793526445623, 45.26814148317527 ], [ -73.340566209500651, 45.271705132074906 ], [ -73.344004638916843, 45.272609254497844 ], [ -73.343914310917526, 45.269831173857447 ], [ -73.347607356611348, 45.270755246504464 ], [ -73.347327574979943, 45.269463968992021 ], [ -73.343978842436442, 45.268585061385053 ], [ -73.355418947083791, 45.257363917931123 ], [ -73.355492823725143, 45.257412875007731 ], [ -73.356596912313691, 45.258162049019113 ], [ -73.357487519770345, 45.258756028528666 ], [ -73.361595726338308, 45.2555817799091 ], [ -73.35600191128735, 45.251916617519825 ], [ -73.366567803980487, 45.243904214718512 ], [ -73.367480117700708, 45.244507696183661 ], [ -73.367497347827751, 45.244795997067932 ], [ -73.373822654646162, 45.249080992388933 ], [ -73.375293147161415, 45.250086756002609 ], [ -73.384874130012065, 45.256563617640445 ], [ -73.385723902972444, 45.257243887557159 ], [ -73.385647301891666, 45.257351789028363 ], [ -73.385493997991176, 45.257531712170461 ], [ -73.385455706649338, 45.257594603148668 ], [ -73.385404584613539, 45.257639495717001 ], [ -73.385340689264126, 45.25773848875356 ], [ -73.385212788829335, 45.257945297657855 ], [ -73.385174589601178, 45.257981301065527 ], [ -73.38509780630082, 45.25810719944613 ], [ -73.384970088006185, 45.258305095797695 ], [ -73.38484229430496, 45.25848488863771 ], [ -73.3846763049564, 45.25862870422781 ], [ -73.384484905358065, 45.258781491555283 ], [ -73.384382905113441, 45.2588532934722 ], [ -73.384344590271269, 45.258880294629094 ], [ -73.384191616440773, 45.258934201410661 ], [ -73.383860001514094, 45.259059804139774 ], [ -73.383617804301551, 45.259140495203205 ], [ -73.383528383940586, 45.259176401166521 ], [ -73.383426411613243, 45.259239388985868 ], [ -73.383349887497531, 45.259266294441545 ], [ -73.383311612736037, 45.259293198256927 ], [ -73.383286013865629, 45.259338200356545 ], [ -73.383196687092834, 45.259437103976914 ], [ -73.383132779366179, 45.259518007156572 ], [ -73.383081599363692, 45.259625892049449 ], [ -73.38323497995016, 45.259592932782063 ], [ -73.384777519565958, 45.259288146056385 ], [ -73.411444393934019, 45.254876360684435 ], [ -73.41576690437887, 45.250077529425589 ], [ -73.417427845827689, 45.248244405418994 ], [ -73.420165219345364, 45.245113774829782 ], [ -73.424116030369774, 45.241150385463712 ], [ -73.425452038337838, 45.241661463679847 ], [ -73.426209664906551, 45.241234726457733 ], [ -73.4264690723749, 45.240193076957276 ], [ -73.426011680001295, 45.23854145433527 ], [ -73.426471693289585, 45.23685372476487 ], [ -73.425628808137404, 45.23611518938246 ], [ -73.425825441676054, 45.235136811494733 ], [ -73.425765703748056, 45.23356903069412 ], [ -73.425643488827319, 45.233334042044397 ], [ -73.424053096961913, 45.230276090585825 ], [ -73.424544602687263, 45.227830248510656 ], [ -73.423556805520079, 45.227514947472542 ], [ -73.423636311122593, 45.2271251960806 ], [ -73.423838147363739, 45.22613605356721 ], [ -73.427872726250769, 45.206369395916333 ], [ -73.427872551215245, 45.206369279825111 ], [ -73.428441627727835, 45.203930029886415 ], [ -73.428470267450578, 45.203821626357865 ], [ -73.428543932018059, 45.203542712987748 ], [ -73.430255091020413, 45.196770479384845 ], [ -73.431700493469265, 45.196737810787283 ], [ -73.445941753632042, 45.205973004474551 ], [ -73.446017740996368, 45.205574239471808 ], [ -73.446458509770423, 45.203282827985902 ], [ -73.446586745209146, 45.202693657548885 ], [ -73.446605892005238, 45.202594026132125 ], [ -73.446684827858462, 45.202231465550106 ], [ -73.446800352272774, 45.201642682579127 ], [ -73.446881541874689, 45.20131604200752 ], [ -73.447031781399517, 45.200672160640302 ], [ -73.447121688730306, 45.200282225751337 ], [ -73.447176131635089, 45.200136484075273 ], [ -73.447309476365319, 45.199628154160912 ], [ -73.447442263230059, 45.19911086745266 ], [ -73.447515857085449, 45.198865472197532 ], [ -73.448362885417509, 45.196156129469131 ], [ -73.448381480709301, 45.196047518756025 ], [ -73.448444053765925, 45.195829495632744 ], [ -73.448634095937663, 45.195211359314328 ], [ -73.448614213925495, 45.195126918754852 ], [ -73.448598376464901, 45.195059718465302 ], [ -73.448770720788048, 45.194883848072614 ], [ -73.449236932559231, 45.193385811908378 ], [ -73.450432412641391, 45.193579528857803 ], [ -73.450345631927362, 45.193332661849375 ], [ -73.450331118263421, 45.193270465422025 ], [ -73.450296456800444, 45.193083529882941 ], [ -73.450290083815716, 45.192958340933963 ], [ -73.450300393479608, 45.192833684160995 ], [ -73.450325661504422, 45.192754665628179 ], [ -73.450355740199626, 45.19263047873207 ], [ -73.450396373227946, 45.192505955375779 ], [ -73.450453749695512, 45.192383059013068 ], [ -73.450526457404379, 45.192262838028235 ], [ -73.450705671415903, 45.192031020011278 ], [ -73.451133111713617, 45.191576036810446 ], [ -73.451861301847174, 45.190820126532991 ], [ -73.449693879021709, 45.190914335063695 ], [ -73.450063161848476, 45.189327331557998 ], [ -73.450441288535671, 45.187665071602382 ], [ -73.453630502587657, 45.187544566357772 ], [ -73.453861456683029, 45.187137639701689 ], [ -73.454085568337021, 45.18675120167218 ], [ -73.454320108907368, 45.186348410136176 ], [ -73.460401920875526, 45.17229454510732 ], [ -73.467588498715855, 45.156565430955666 ], [ -73.467897708560074, 45.155887937925961 ], [ -73.475476064707735, 45.137600633466214 ], [ -73.482361784142867, 45.123379467742467 ], [ -73.488344500606658, 45.108966662951261 ], [ -73.492070663302115, 45.108897840622433 ], [ -73.498135751012128, 45.108785441906171 ], [ -73.502323652814155, 45.100862762039519 ], [ -73.502469075801855, 45.101082572798624 ], [ -73.502587080141936, 45.101311384050241 ], [ -73.502634931440681, 45.101462857195365 ], [ -73.502696629896647, 45.101625708580855 ], [ -73.502873071789267, 45.102004290007535 ], [ -73.502929582777128, 45.102092498050908 ], [ -73.503109458854539, 45.102320741334495 ], [ -73.503259954299992, 45.102486921465186 ], [ -73.50336775830695, 45.102582463354523 ], [ -73.50355294572411, 45.102715115681775 ], [ -73.504063436245076, 45.103042168807121 ], [ -73.504546848512319, 45.10332760394386 ], [ -73.504757890356984, 45.103446834515957 ], [ -73.504953071874212, 45.10356090906302 ], [ -73.506257410149104, 45.099959573802352 ], [ -73.507633282626173, 45.096673837723685 ], [ -73.507625136634942, 45.096664582448419 ], [ -73.509186304999076, 45.091860034031555 ], [ -73.509183672782854, 45.091860007858571 ], [ -73.510622372368388, 45.087330278833122 ], [ -73.519887803830315, 45.094070408529831 ], [ -73.52949331883498, 45.101098705181265 ], [ -73.5294950666906, 45.1011256520449 ], [ -73.5295095007057, 45.101152178204686 ], [ -73.529525078432599, 45.101196690788356 ], [ -73.529593138687588, 45.101266491629808 ], [ -73.52968774955481, 45.101353444600008 ], [ -73.529728140122614, 45.101388138212052 ], [ -73.5297817666996, 45.101431412809958 ], [ -73.530115709214229, 45.101681620307119 ], [ -73.530142235917737, 45.101698740933081 ], [ -73.530289322126677, 45.101811005641331 ], [ -73.530635956677173, 45.102060790816971 ], [ -73.530807813713693, 45.102163252638007 ], [ -73.531022977346893, 45.102345292358571 ], [ -73.531889878496187, 45.10297426437738 ], [ -73.532720493284145, 45.103631440450421 ], [ -73.533348051442289, 45.10409714526039 ], [ -73.534310206636974, 45.104822026959525 ], [ -73.534897433967515, 45.10525303849208 ], [ -73.535578684673411, 45.105761979292097 ], [ -73.535725797699769, 45.105874237179158 ], [ -73.536661472960219, 45.106581948787401 ], [ -73.537462722798281, 45.107177024022832 ], [ -73.538397890750133, 45.107875744027275 ], [ -73.540696899087138, 45.109610310546145 ], [ -73.542115039596737, 45.110698354333984 ], [ -73.542637203954854, 45.111104435825986 ], [ -73.54321186969463, 45.111535820752898 ], [ -73.543786546442732, 45.111967202852711 ], [ -73.544922069431863, 45.112812362874983 ], [ -73.545603503382367, 45.113321262249983 ], [ -73.545709654951622, 45.113389834196383 ], [ -73.546252641315846, 45.113819714230253 ], [ -73.546341514215555, 45.113888378380224 ], [ -73.54875877349248, 45.115702915077236 ], [ -73.550162815186823, 45.116764329913174 ], [ -73.551471062185598, 45.117720852474356 ], [ -73.551820218630368, 45.118006517630924 ], [ -73.55254043609952, 45.118523107065357 ], [ -73.553129146036227, 45.118971982493584 ], [ -73.553168961338741, 45.118997707331907 ], [ -73.553436733963579, 45.119204993723756 ], [ -73.553744968560579, 45.119446972359981 ], [ -73.554347513630645, 45.119913397998332 ], [ -73.555123793290207, 45.120509161765234 ], [ -73.55561960675341, 45.120898064032978 ], [ -73.555753504047999, 45.121001704550466 ], [ -73.556101548136695, 45.121269393848223 ], [ -73.556541337450412, 45.121579095294123 ], [ -73.557289970433715, 45.122139742645899 ], [ -73.557972251050103, 45.12265754804384 ], [ -73.558307029042155, 45.122916670200524 ], [ -73.558641821025262, 45.123175767173009 ], [ -73.559366854593861, 45.123764192933407 ], [ -73.559393995580251, 45.12379031630055 ], [ -73.559985141626527, 45.12427507778969 ], [ -73.560199283562298, 45.124439112148067 ], [ -73.560414027564249, 45.124612131560468 ], [ -73.560881632474292, 45.124956900882601 ], [ -73.560935317058551, 45.125000161526316 ], [ -73.560975118042506, 45.12502585219228 ], [ -73.561095780918436, 45.125120933614397 ], [ -73.561979011792374, 45.125794188118995 ], [ -73.562260760028437, 45.126019000267682 ], [ -73.562541899988744, 45.126234850512837 ], [ -73.563105355889547, 45.126684512842772 ], [ -73.56405266031247, 45.127364651067531 ], [ -73.564154349318599, 45.127399034492839 ], [ -73.564124975531101, 45.127458957881899 ], [ -73.564096156052003, 45.127504547905488 ], [ -73.564127015547726, 45.127524460859391 ], [ -73.56413994980295, 45.127532813421247 ], [ -73.564193073537226, 45.12756709426376 ], [ -73.564298094493338, 45.12761765337229 ], [ -73.564417001541116, 45.127685782005898 ], [ -73.564592538794471, 45.127842082892009 ], [ -73.564645639125771, 45.127876332095902 ], [ -73.564686070284111, 45.12791103842283 ], [ -73.565317133869627, 45.128421463341375 ], [ -73.565343679574582, 45.128438599899852 ], [ -73.566321710669243, 45.129198733890618 ], [ -73.566669880951139, 45.129466392250727 ], [ -73.567005929153979, 45.12974345408292 ], [ -73.567678013851136, 45.130297543608158 ], [ -73.569189607476275, 45.131436257217722 ], [ -73.569484679425571, 45.131669628866774 ], [ -73.570838189266723, 45.132723489038014 ], [ -73.57141446976469, 45.133172678779616 ], [ -73.571717668630043, 45.133409561285148 ], [ -73.585926621078016, 45.128545435117275 ], [ -73.585902421552774, 45.128564232026108 ], [ -73.585855189337551, 45.128619813778634 ], [ -73.585859931681711, 45.128691675771819 ], [ -73.58586685482436, 45.128700427558734 ], [ -73.585929263619306, 45.128779399195167 ], [ -73.585992843563503, 45.128848966153782 ], [ -73.586025183917187, 45.128884260249613 ], [ -73.586108344509213, 45.128937886595722 ], [ -73.586131433722258, 45.128952789281257 ], [ -73.586343910174392, 45.12908981561803 ], [ -73.586623083564334, 45.12930072452636 ], [ -73.5872003811388, 45.12973675971466 ], [ -73.587534167969167, 45.12997781033696 ], [ -73.588149247301033, 45.130434634219725 ], [ -73.588577180174397, 45.130753616217731 ], [ -73.589042629139627, 45.131062330773901 ], [ -73.590477330870044, 45.132185304018172 ], [ -73.590744164470095, 45.132374551934674 ], [ -73.591146765485391, 45.132694334856509 ], [ -73.591373745364436, 45.13285789595971 ], [ -73.592163309729401, 45.133452972227602 ], [ -73.5926190730831, 45.133807039619029 ], [ -73.593088121483262, 45.134169629719118 ], [ -73.593649542514513, 45.134583198439543 ], [ -73.593970097429036, 45.134815674675757 ], [ -73.59409645355349, 45.134908907297728 ], [ -73.594798976556433, 45.135427456097382 ], [ -73.595089762928382, 45.135655600125489 ], [ -73.595536678863638, 45.136006241235101 ], [ -73.596955435320638, 45.137075642232489 ], [ -73.598118254696345, 45.137928439545313 ], [ -73.599028742038811, 45.138618499452065 ], [ -73.600234451459613, 45.139541865499368 ], [ -73.600314182436676, 45.139593253967341 ], [ -73.600797188422348, 45.139973364133624 ], [ -73.60130768448937, 45.140355103564254 ], [ -73.601881029387584, 45.140783721526681 ], [ -73.602122544362572, 45.140973773672741 ], [ -73.603060287414863, 45.141689931977062 ], [ -73.603488398677939, 45.142008852156792 ], [ -73.604155678484247, 45.14248188957437 ], [ -73.604746853570745, 45.142957446005134 ], [ -73.604952173923749, 45.14311340137688 ], [ -73.605269189994118, 45.143354256862231 ], [ -73.605402048897176, 45.143439862135558 ], [ -73.606018707461786, 45.143904754739566 ], [ -73.594832743190295, 45.151010150337981 ], [ -73.596173745717039, 45.152027322882276 ], [ -73.598195599838135, 45.153553926913816 ], [ -73.598222172884476, 45.153571055718587 ], [ -73.598449293895172, 45.153734590258075 ], [ -73.598568861602459, 45.153811653847171 ], [ -73.598676372159417, 45.15389814143343 ], [ -73.599399277795982, 45.154441372866572 ], [ -73.60033719971085, 45.155157564954415 ], [ -73.601248001108289, 45.15584764222605 ], [ -73.601783133145005, 45.156244034283574 ], [ -73.601876746365733, 45.156312952848666 ], [ -73.601929898538955, 45.156347208705753 ], [ -73.601943783740609, 45.156364743421832 ], [ -73.601958268056734, 45.156391288852433 ], [ -73.601960061459678, 45.156418241083649 ], [ -73.601974521648785, 45.156444755104644 ], [ -73.601976315063595, 45.156471707342128 ], [ -73.601980476855815, 45.15653459113441 ], [ -73.601970144139386, 45.156570953744747 ], [ -73.601958637346769, 45.156589326325694 ], [ -73.601872585492558, 45.156671301927183 ], [ -73.601850897817513, 45.156691924115741 ], [ -73.601836072155351, 45.156708337643067 ], [ -73.60814859810354, 45.161265413467717 ], [ -73.620821283801746, 45.170627166168941 ], [ -73.633810285507067, 45.180504202018433 ], [ -73.633836888032846, 45.18052132239275 ], [ -73.633851990683922, 45.180556821426251 ], [ -73.63485851828105, 45.181333479559065 ], [ -73.635701268406351, 45.181944551579086 ], [ -73.639240523710953, 45.184617209648223 ], [ -73.639481153273465, 45.184789241648573 ], [ -73.6421494315193, 45.186806710333173 ], [ -73.643032869864243, 45.187452371135052 ], [ -73.643927796975959, 45.188079637425879 ], [ -73.645246015282268, 45.189133884720505 ], [ -73.645396659450554, 45.189250028243514 ], [ -73.645984389038389, 45.189703359443563 ], [ -73.647091700567302, 45.190458528980031 ], [ -73.647252550545929, 45.19057919301688 ], [ -73.647776262370527, 45.190984794564727 ], [ -73.647842785408315, 45.1910275714962 ], [ -73.647896598177326, 45.191070785997105 ], [ -73.648045371089296, 45.191200849873873 ], [ -73.648138509024307, 45.191260743627907 ], [ -73.648153031844672, 45.191287285823009 ], [ -73.648218936744442, 45.191321074958076 ], [ -73.648941646575537, 45.191846045020988 ], [ -73.649249496983387, 45.192069820411788 ], [ -73.650442723909705, 45.192966133425791 ], [ -73.650603591847272, 45.193086792845897 ], [ -73.651634208038743, 45.193835485583691 ], [ -73.651675936328047, 45.193888124175082 ], [ -73.651755798221956, 45.19393944828655 ], [ -73.651822319311378, 45.193982247110867 ], [ -73.651876139439594, 45.194025459811463 ], [ -73.651916673163768, 45.194060105892326 ], [ -73.651971698626866, 45.19412128673698 ], [ -73.652012232511012, 45.19415593278989 ], [ -73.652026114599536, 45.19417345563663 ], [ -73.652053351894168, 45.19419955935345 ], [ -73.661907255763069, 45.201626014161185 ], [ -73.668487124572493, 45.206526809209421 ], [ -73.695921222430613, 45.18834641056214 ], [ -73.710114714743412, 45.179666337883106 ], [ -73.711792222939579, 45.178577594478796 ], [ -73.718848383578617, 45.173997168872006 ], [ -73.72640304889552, 45.168912615634831 ], [ -73.726431894877877, 45.168956361887908 ], [ -73.726473653257415, 45.169008952679071 ], [ -73.726503352661283, 45.169070953989724 ], [ -73.726599007650762, 45.169166714974267 ], [ -73.726695263055802, 45.169271454912064 ], [ -73.726804846678633, 45.169384756482074 ], [ -73.726873237245229, 45.169454439178352 ], [ -73.727075975551159, 45.16962756386836 ], [ -73.727290853193963, 45.169791267537981 ], [ -73.727427637280229, 45.16993063241916 ], [ -73.727575915444589, 45.170051614544086 ], [ -73.728153892565132, 45.170499986924497 ], [ -73.729559751675851, 45.171514231643364 ], [ -73.729708050849297, 45.171635186856697 ], [ -73.730150461486261, 45.171962169332623 ], [ -73.730365327157401, 45.172125860280929 ], [ -73.730580194392033, 45.172289550837753 ], [ -73.733595549691913, 45.174500049513142 ], [ -73.73434608493875, 45.17505051810415 ], [ -73.734401199193144, 45.17511164319194 ], [ -73.734829745319914, 45.175421067809282 ], [ -73.735099114256855, 45.175636912900018 ], [ -73.735326710648536, 45.175800169098231 ], [ -73.735461698044361, 45.175912580772909 ], [ -73.735795807471931, 45.176144212867889 ], [ -73.736091824327573, 45.176377145558781 ], [ -73.736907157490407, 45.176943385688347 ], [ -73.737083362693724, 45.177099411223473 ], [ -73.737592434617156, 45.177469066312021 ], [ -73.73808843941427, 45.177811369970151 ], [ -73.755282370322874, 45.168215551928661 ], [ -73.76106520270605, 45.173244896833992 ], [ -73.761090423930241, 45.173230934441655 ], [ -73.772748169997797, 45.165953397103628 ], [ -73.783480412577433, 45.174002519847988 ], [ -73.795141947576738, 45.181737308089062 ], [ -73.783049111925394, 45.189662978671279 ], [ -73.793555574340942, 45.197070711237231 ], [ -73.796882052416663, 45.199754463549887 ], [ -73.799649608822222, 45.201952974524879 ], [ -73.803437627890588, 45.204684219045987 ], [ -73.81064293360528, 45.199880595170455 ], [ -73.813906340090867, 45.197703108804326 ], [ -73.82955323382231, 45.208610331128234 ], [ -73.831104867436551, 45.209768631299113 ], [ -73.831288164418908, 45.209898542441977 ], [ -73.831102839618637, 45.210068732554582 ], [ -73.830802305343312, 45.210215428396445 ], [ -73.829846012866398, 45.210531120095112 ], [ -73.829098421498671, 45.210922387719101 ], [ -73.828327256380234, 45.211745027523982 ], [ -73.827834471797786, 45.212341459785939 ], [ -73.827829948830953, 45.212526345137668 ], [ -73.827822745468993, 45.212818880950863 ], [ -73.828090374599597, 45.213009775550674 ], [ -73.828300407775089, 45.213157215329339 ], [ -73.829018619341625, 45.213436026866702 ], [ -73.829673911554366, 45.213418337786713 ], [ -73.830170435634187, 45.213411542930338 ], [ -73.830482178150405, 45.213628454898384 ], [ -73.830556945031589, 45.2139710156085 ], [ -73.830558790881398, 45.213973319042324 ], [ -73.830923873123695, 45.214428288851863 ], [ -73.832465845943403, 45.215029402962877 ], [ -73.833345329191033, 45.215515870412062 ], [ -73.834674130835609, 45.216357646211925 ], [ -73.835875852901253, 45.21731747114849 ], [ -73.836786986983256, 45.218140623382048 ], [ -73.837724231291332, 45.218592899320136 ], [ -73.838914066000171, 45.218586167416738 ], [ -73.839667594475117, 45.21829383748004 ], [ -73.840372259175979, 45.217544029060406 ], [ -73.841166471757305, 45.216672816940253 ], [ -73.841715990593656, 45.21572326379053 ], [ -73.842808370664002, 45.213759182514359 ], [ -73.843649861233587, 45.211440479527894 ], [ -73.844262999845157, 45.210642277136998 ], [ -73.84483693954563, 45.210077158355475 ], [ -73.845258261317923, 45.209882524456667 ], [ -73.846079501843349, 45.209627888540325 ], [ -73.847491374407795, 45.210671306673596 ], [ -73.857671684378545, 45.2181565088122 ], [ -73.860870763621236, 45.217075621027782 ], [ -73.864491773860664, 45.212022806386095 ], [ -73.867442916990882, 45.214067785173206 ], [ -73.869639835994008, 45.212007472434799 ], [ -73.871798076268618, 45.211650233971362 ], [ -73.873223118309653, 45.210134240233273 ], [ -73.873959905978452, 45.209392123806659 ], [ -73.877511233921624, 45.20855271284141 ], [ -73.880391912380219, 45.208294551523743 ], [ -73.882083910753181, 45.208009692765032 ], [ -73.884531753394583, 45.207597540873472 ], [ -73.886879723959652, 45.206009509553617 ], [ -73.888481125334224, 45.204137446857764 ], [ -73.89282493173873, 45.203917872194147 ], [ -73.897310882264591, 45.203727239594173 ], [ -73.899751319567599, 45.203659479240116 ], [ -73.900490967660602, 45.203638918884238 ], [ -73.900934574018962, 45.203316957976305 ], [ -73.9034688742383, 45.201573010468543 ], [ -73.904757047444377, 45.200679244550585 ], [ -73.910468978110885, 45.196500142502892 ], [ -73.910753404903645, 45.196291997838074 ], [ -73.912036476818287, 45.196727991594862 ], [ -73.912165588816933, 45.195466194532813 ], [ -73.912189798456851, 45.194054992771221 ], [ -73.914125374040708, 45.192491063819972 ], [ -73.913101171421701, 45.191756150621487 ], [ -73.911860232965921, 45.190745094894964 ], [ -73.913149294508315, 45.18990222354865 ], [ -73.913143064338499, 45.189897075016056 ], [ -73.914445512381349, 45.188976023329751 ], [ -73.916623908760329, 45.190610356110113 ], [ -73.917165111177184, 45.190264418526013 ], [ -73.917795784557029, 45.189901326549453 ], [ -73.918311522222169, 45.189555142991303 ], [ -73.918686073675744, 45.189270650355162 ], [ -73.919194381995723, 45.188645350603267 ], [ -73.919736637570054, 45.187713847223051 ], [ -73.922381628508234, 45.18525663267161 ], [ -73.923064496394588, 45.185730609472415 ], [ -73.924691903142588, 45.184250002967921 ], [ -73.925450122227801, 45.18481486450662 ], [ -73.927613712488267, 45.183393722004155 ], [ -73.927306699597253, 45.183150736129328 ], [ -73.929536736553473, 45.181748600664761 ], [ -73.928449695217282, 45.180924903861076 ], [ -73.937186947152469, 45.175023498122847 ], [ -73.937669343772299, 45.172052860474707 ], [ -73.939133136131119, 45.170437040570647 ], [ -73.938283085920702, 45.169809618718233 ], [ -73.938528813278509, 45.16965030720722 ], [ -73.950451596045568, 45.162463450393965 ], [ -73.960126378574699, 45.169772204230583 ], [ -73.960975316860115, 45.170543705642963 ], [ -73.97281983187861, 45.179633488312213 ], [ -73.980124862326036, 45.175715371879257 ], [ -73.999999990645065, 45.165625367079258 ], [ -74.005892512177454, 45.162554035444479 ], [ -74.013992155099317, 45.158447461501964 ], [ -74.0141455738395, 45.15840377632086 ], [ -74.018832060134159, 45.155923672658005 ], [ -74.02156524936332, 45.154560862552046 ], [ -74.022038825913555, 45.15439389341131 ], [ -74.024117653575274, 45.153349468024452 ], [ -74.024764311571943, 45.153842733072992 ], [ -74.024934012336502, 45.153972166681406 ], [ -74.025908958508992, 45.154715757819332 ], [ -74.029004094381705, 45.154429234047328 ], [ -74.030042159618375, 45.154680492715762 ], [ -74.037020042089097, 45.1536866935961 ], [ -74.12410519474895, 45.145485968555818 ], [ -74.124176929338901, 45.145546116441793 ], [ -74.125524235100912, 45.146701783596235 ], [ -74.126531233352623, 45.147564127736182 ], [ -74.128121323318467, 45.148899662940899 ], [ -74.12990344054181, 45.150417016678873 ], [ -74.131293130809354, 45.151625048951963 ], [ -74.132533104073914, 45.152703670698706 ], [ -74.134152284937215, 45.154083061970105 ], [ -74.134888019765739, 45.15472150105343 ], [ -74.135227083558974, 45.15499679860509 ], [ -74.135283981000299, 45.155075681291422 ], [ -74.135290127578202, 45.155156516580348 ], [ -74.135371714650603, 45.155225459594291 ], [ -74.135453336331892, 45.155294409513942 ], [ -74.135546937725294, 45.155353870473938 ], [ -74.135574342757039, 45.155379857159069 ], [ -74.135629206942667, 45.155431788850137 ], [ -74.135710147981584, 45.155491763065179 ], [ -74.135873324878787, 45.155629648488741 ], [ -74.135967633514937, 45.155698115912642 ], [ -74.136061226593554, 45.155757600757255 ], [ -74.136224439889745, 45.155895492668336 ], [ -74.136318715257602, 45.155963952848964 ], [ -74.136386948106235, 45.156024377548796 ], [ -74.136481939924892, 45.156101820111296 ], [ -74.136575534522876, 45.156161304529782 ], [ -74.136644439790174, 45.156230728958278 ], [ -74.136738750859038, 45.15629919576066 ], [ -74.136833027854962, 45.156367655527795 ], [ -74.136901252172635, 45.15642810425927 ], [ -74.136995564045804, 45.156496570853818 ], [ -74.137064470474357, 45.15656599506633 ], [ -74.137158076641214, 45.156625454693085 ], [ -74.137225654415303, 45.156676934633879 ], [ -74.137307928957767, 45.156754851943248 ], [ -74.137389522019006, 45.156823793627701 ], [ -74.13747043354708, 45.156883759680547 ], [ -74.137539375661476, 45.156953190608924 ], [ -74.137621651252218, 45.157031107729203 ], [ -74.137715931124475, 45.157099566798593 ], [ -74.137784839587596, 45.157168990649659 ], [ -74.137866468491012, 45.157237938988544 ], [ -74.137948063283773, 45.157306880317712 ], [ -74.138029658326488, 45.157375821594414 ], [ -74.138111287980195, 45.157444769775964 ], [ -74.138193565459815, 45.157522686547317 ], [ -74.138261793355994, 45.157583134564241 ], [ -74.138356109719695, 45.157651600091505 ], [ -74.138438388001347, 45.15772951671218 ], [ -74.138507298543558, 45.1577989402086 ], [ -74.13860089934829, 45.157858422978165 ], [ -74.138683553813763, 45.157940834211608 ], [ -74.138779542360339, 45.15803173148975 ], [ -74.138861174352655, 45.158100679196373 ], [ -74.138942090137434, 45.158160644273337 ], [ -74.139024370364368, 45.158238560538322 ], [ -74.139105968745199, 45.158307501130686 ], [ -74.139174881202365, 45.158376924298075 ], [ -74.139269200618827, 45.158445389114895 ], [ -74.139338795719311, 45.158523787832458 ], [ -74.139501346875761, 45.158652699893736 ], [ -74.139570942701326, 45.158731098505577 ], [ -74.139665229100459, 45.158799556060657 ], [ -74.139815743785135, 45.158937919100971 ], [ -74.139897379008815, 45.159006866151188 ], [ -74.139978980120247, 45.15907580619232 ], [ -74.140033853894721, 45.159127736069188 ], [ -74.140115455434355, 45.15919667602445 ], [ -74.140197739587123, 45.159274591583092 ], [ -74.140279376006816, 45.1593435383921 ], [ -74.140360295916139, 45.159403502531987 ], [ -74.140429894399247, 45.159481900746918 ], [ -74.140511497187774, 45.159550840453853 ], [ -74.140593134589366, 45.159619787064734 ], [ -74.14067473787803, 45.159688726666801 ], [ -74.140757023898843, 45.159766641888112 ], [ -74.140837945205433, 45.159826605713626 ], [ -74.140906862660813, 45.159896028033614 ], [ -74.141083474986601, 45.160042406527282 ], [ -74.1411932177366, 45.160146289680434 ], [ -74.141233998188923, 45.160180767976193 ], [ -74.141264625306732, 45.160206615411624 ], [ -74.141315637840222, 45.16024971412871 ], [ -74.141397243378023, 45.160318653272711 ], [ -74.141478849165907, 45.160387592364273 ], [ -74.141513672210351, 45.160426782539709 ], [ -74.141548451119689, 45.160465990064594 ], [ -74.141630057406388, 45.160534929065136 ], [ -74.14171169830702, 45.160603874969219 ], [ -74.141780618300686, 45.160673296865077 ], [ -74.141875594850845, 45.160750728411529 ], [ -74.141991001833077, 45.16084539371149 ], [ -74.142107765008006, 45.160958034635996 ], [ -74.142176686155096, 45.16102745634025 ], [ -74.142258294422419, 45.161096394946753 ], [ -74.142339902939824, 45.161165333500961 ], [ -74.142422194543897, 45.161243247721984 ], [ -74.142503837943238, 45.161312193129113 ], [ -74.142544630287972, 45.161346646701254 ], [ -74.142654369760209, 45.161450552999824 ], [ -74.142735979526634, 45.161519491305604 ], [ -74.142817589543128, 45.161588429558897 ], [ -74.142886512750806, 45.161657850918232 ], [ -74.14298152764691, 45.161735288598948 ], [ -74.143050451332456, 45.161804709879043 ], [ -74.143159519927167, 45.161899615723705 ], [ -74.143254501438378, 45.161977046245752 ], [ -74.143336113079059, 45.162045984172025 ], [ -74.143404354741534, 45.162106429530894 ], [ -74.143498688410133, 45.162174891072844 ], [ -74.143568296647416, 45.162253287847399 ], [ -74.143649226171888, 45.16231324982131 ], [ -74.143894748637393, 45.162529038445193 ], [ -74.143962991782843, 45.162589483512988 ], [ -74.144057327314044, 45.162657944619369 ], [ -74.144139624621431, 45.162735857797912 ], [ -74.14420855162615, 45.162805278506418 ], [ -74.144302170380769, 45.162864756695626 ], [ -74.144384502856411, 45.162942676678476 ], [ -74.144453430555714, 45.163012097264563 ], [ -74.144535045910388, 45.163081034427378 ], [ -74.144629358807023, 45.163149463819295 ], [ -74.14469827736994, 45.163218908595603 ], [ -74.144779903305661, 45.163287821288527 ], [ -74.144860870671749, 45.163347789409102 ], [ -74.144929799726512, 45.163417209758059 ], [ -74.145024787487245, 45.163494638944876 ], [ -74.145093033615069, 45.163555083420654 ], [ -74.145174650934479, 45.163624020173238 ], [ -74.145269673919884, 45.163701456128955 ], [ -74.145338604147085, 45.163770876276295 ], [ -74.145419538760038, 45.163830837070982 ], [ -74.145514528236617, 45.163908265886178 ], [ -74.145583459158388, 45.163977685911171 ], [ -74.145665077995616, 45.164046622351229 ], [ -74.145746013539537, 45.164106582927296 ], [ -74.14582835078761, 45.164184502028412 ], [ -74.145909970375172, 45.1642534383111 ], [ -74.145978902435772, 45.164322858141951 ], [ -74.146073210300543, 45.164391310719012 ], [ -74.146114042537121, 45.16442577010892 ], [ -74.146117846489844, 45.164428959639565 ], [ -74.146118229331094, 45.1644293001292 ], [ -74.146154830638338, 45.164460246844243 ], [ -74.146230890095907, 45.164524454233749 ], [ -74.146318106431863, 45.164598125891672 ], [ -74.14639972752002, 45.164667061859568 ], [ -74.146468660969816, 45.164736481445665 ], [ -74.146591081149396, 45.16483986960435 ], [ -74.146728949381583, 45.164978708561478 ], [ -74.146810606157572, 45.165047651229919 ], [ -74.146894543618899, 45.165135598211066 ], [ -74.146935069528254, 45.165177990919069 ], [ -74.146988002523855, 45.165222709936707 ], [ -74.147016726981718, 45.165246933462882 ], [ -74.147085662271749, 45.165316352759199 ], [ -74.147167285838648, 45.165385288255663 ], [ -74.147208427374082, 45.165424228277665 ], [ -74.147277021296645, 45.165489159554944 ], [ -74.147358645470149, 45.165558094931903 ], [ -74.147440304262389, 45.165627037210307 ], [ -74.147479379833413, 45.165664007226084 ], [ -74.147522612857969, 45.165704948345258 ], [ -74.147604237799158, 45.165773883566992 ], [ -74.147685179034042, 45.165833842868942 ], [ -74.14775411625449, 45.165903261838217 ], [ -74.147849114123417, 45.165980688917386 ], [ -74.147930740065021, 45.166049623929226 ], [ -74.147998993971655, 45.166110066902199 ], [ -74.148081338787364, 45.166187984650733 ], [ -74.148175653759765, 45.166256435603664 ], [ -74.148244592384387, 45.166325854330417 ], [ -74.148326219558044, 45.166394789091527 ], [ -74.148395158626911, 45.166464207746621 ], [ -74.148489474655719, 45.166532658456411 ], [ -74.148571102579709, 45.166601593060143 ], [ -74.148612613059058, 45.166645051868812 ], [ -74.148694241375608, 45.166713986396019 ], [ -74.148775869942256, 45.166782920870787 ], [ -74.148844810299536, 45.166852339303695 ], [ -74.148927123568498, 45.166930249587487 ], [ -74.149008752884285, 45.166999183918641 ], [ -74.149090416820144, 45.167068125150656 ], [ -74.149172046636252, 45.167137059376834 ], [ -74.149254360992657, 45.167214969461995 ], [ -74.149322618445098, 45.16727541175085 ], [ -74.149404248992994, 45.167344345831232 ], [ -74.149486564130697, 45.167422255777389 ], [ -74.149568195196167, 45.167491189754998 ], [ -74.149649826511748, 45.16756012368019 ], [ -74.149718769408182, 45.167629541688605 ], [ -74.149801085612225, 45.167707451447981 ], [ -74.149882717676988, 45.167776385229537 ], [ -74.149950986654233, 45.167836802882178 ], [ -74.15004601692759, 45.167914259588272 ], [ -74.150127649742799, 45.167983193212407 ], [ -74.150196594024692, 45.168052610988127 ], [ -74.150264179337071, 45.168104052537963 ], [ -74.150346497353638, 45.168181961966226 ], [ -74.150415442277719, 45.168251379636956 ], [ -74.150497076270554, 45.168320313031458 ], [ -74.150578025941215, 45.16838027042413 ], [ -74.150661029596449, 45.168467155614955 ], [ -74.150729290838086, 45.168527597180393 ], [ -74.150810925812905, 45.168596530376654 ], [ -74.150893245677224, 45.168674439479005 ], [ -74.150974881169603, 45.168743372572443 ], [ -74.151043827923431, 45.168812789938727 ], [ -74.151125463897571, 45.168881722938913 ], [ -74.151207100121823, 45.168950655886555 ], [ -74.151288736596257, 45.169019588781723 ], [ -74.151370407692681, 45.169088528576914 ], [ -74.151452044667451, 45.169157461367085 ], [ -74.15152167756527, 45.169235854475126 ], [ -74.151603315039125, 45.169304787174191 ], [ -74.151672263622814, 45.169374204235922 ], [ -74.151767275562747, 45.169451628398505 ], [ -74.151848913804358, 45.16952056094226 ], [ -74.151917863097623, 45.169589977883916 ], [ -74.152039956734214, 45.169688897224979 ], [ -74.152150090763683, 45.169797259561356 ], [ -74.152231730218958, 45.169866191866028 ], [ -74.152326744160547, 45.169943615610741 ], [ -74.152395694839356, 45.170013032319666 ], [ -74.152477335062429, 45.170081964469013 ], [ -74.152540223180523, 45.170145315267149 ], [ -74.152546286185583, 45.170151381106159 ], [ -74.152628611899615, 45.170229289171118 ], [ -74.152709567845349, 45.170289245165662 ], [ -74.152780589639164, 45.170349217111543 ], [ -74.152791209050449, 45.170358177116739 ], [ -74.152798023537414, 45.170363947786967 ], [ -74.152872850505759, 45.170427109015264 ], [ -74.152955177289769, 45.170505016878955 ], [ -74.15302412979851, 45.170574433283342 ], [ -74.153078337720501, 45.170617406207306 ], [ -74.153159980086073, 45.170686337926469 ], [ -74.153213508589531, 45.170736879803407 ], [ -74.153242307841637, 45.170764245619218 ], [ -74.153323265567735, 45.17082420120726 ], [ -74.153404908683797, 45.17089313276891 ], [ -74.153474547670498, 45.170971524983862 ], [ -74.153568880875582, 45.171039971769602 ], [ -74.153637835151017, 45.171109387872399 ], [ -74.153719479266542, 45.171178319237889 ], [ -74.153801123632235, 45.17124725055087 ], [ -74.153882768248096, 45.171316181811399 ], [ -74.153964413114153, 45.171385113019355 ], [ -74.154022204922356, 45.171439830454617 ], [ -74.154115699202379, 45.171532436093401 ], [ -74.154209383587528, 45.171591913279769 ], [ -74.154291029454342, 45.171660844277753 ], [ -74.154360671173308, 45.171739236080285 ], [ -74.154414857228375, 45.171782177160338 ], [ -74.15449650375524, 45.171851108031404 ], [ -74.154565460705044, 45.171920523679084 ], [ -74.154647793152733, 45.171998430522606 ], [ -74.154742130295844, 45.172066876397402 ], [ -74.154811087955324, 45.172136291924893 ], [ -74.154893421223193, 45.172214198620033 ], [ -74.154962379341882, 45.172283614078076 ], [ -74.155043342094132, 45.172343568532007 ], [ -74.155124990602687, 45.17241249900853 ], [ -74.155194634938212, 45.17249089043343 ], [ -74.155288973945815, 45.17255933588784 ], [ -74.155370623222311, 45.17262826620901 ], [ -74.155440268319836, 45.1727066575206 ], [ -74.155521918095431, 45.172775587750621 ], [ -74.155603568121236, 45.172844517928084 ], [ -74.155672528301736, 45.172913933040675 ], [ -74.155754864484365, 45.172991839222767 ], [ -74.155823139434261, 45.173052278165571 ], [ -74.155917480575198, 45.173120723135519 ], [ -74.15599981756047, 45.17319862916667 ], [ -74.15606877889509, 45.173268044087152 ], [ -74.156150430652502, 45.173336973922616 ], [ -74.156644451809456, 45.173804432888005 ], [ -74.157694528744074, 45.174709035615102 ], [ -74.157808416955646, 45.174813228808766 ], [ -74.157817123032828, 45.17482232719599 ], [ -74.159115773171123, 45.175988523809004 ], [ -74.161571139648615, 45.178128159125961 ], [ -74.163413507549009, 45.179741825521141 ], [ -74.164540635241991, 45.180711782626354 ], [ -74.166344531781931, 45.182268433216784 ], [ -74.166438220310866, 45.182327893619139 ], [ -74.166658541567642, 45.182544605818812 ], [ -74.167639395401352, 45.183380642419117 ], [ -74.169112465811779, 45.184657124403032 ], [ -74.169275162347958, 45.184785990996204 ], [ -74.169508202669547, 45.185002211703889 ], [ -74.169589207702032, 45.185062156528296 ], [ -74.170884886483478, 45.186183302721496 ], [ -74.171143363637171, 45.186398553181853 ], [ -74.172668742971425, 45.187691016147518 ], [ -74.173038456103981, 45.18802809092702 ], [ -74.173145514653356, 45.188096028065281 ], [ -74.173282856554209, 45.188225840074836 ], [ -74.173937116841316, 45.188786176768588 ], [ -74.174414601199757, 45.189200160597231 ], [ -74.174509004502113, 45.189268591086027 ], [ -74.174742093209971, 45.189484802639512 ], [ -74.174823078900161, 45.189544737027603 ], [ -74.174918863053932, 45.189631120456248 ], [ -74.175013268028039, 45.18969955054984 ], [ -74.175573173985057, 45.190191424511411 ], [ -74.175817587515084, 45.190389193036076 ], [ -74.175911995447734, 45.190457622422301 ], [ -74.176281031193099, 45.190785704499248 ], [ -74.176374750600203, 45.19084515685288 ], [ -74.177098084644939, 45.191474851004379 ], [ -74.177205191923989, 45.191542791318653 ], [ -74.177887711225821, 45.192138014127522 ], [ -74.178635097058475, 45.192748769814386 ], [ -74.179125362286641, 45.193162247821029 ], [ -74.179561365761032, 45.193532786843924 ], [ -74.180120678322965, 45.194015664295719 ], [ -74.180537076552625, 45.194392418346013 ], [ -74.182225648678568, 45.195867827771238 ], [ -74.213620832917854, 45.222780077139227 ], [ -74.21818760259076, 45.220272415573632 ], [ -74.220901785624164, 45.218781802860782 ], [ -74.224735967395759, 45.216892134288067 ], [ -74.228565179935188, 45.215004618420188 ], [ -74.229392946866597, 45.214596554817682 ], [ -74.231696056018919, 45.213637232026876 ], [ -74.232408430558266, 45.213367673730367 ], [ -74.23635023135374, 45.211876020350516 ], [ -74.236710999498271, 45.211739481964564 ], [ -74.237737421590722, 45.211364407051811 ], [ -74.240066481661586, 45.210513253758691 ], [ -74.242986811487242, 45.209445913117399 ], [ -74.246120890956036, 45.208464782169948 ], [ -74.24958549152538, 45.207380023805541 ], [ -74.253536123736382, 45.206344335292947 ], [ -74.256135514871431, 45.20566277266763 ], [ -74.25903956964622, 45.20505144302917 ], [ -74.26197482642209, 45.204433445775443 ], [ -74.263191519432112, 45.204177229447488 ], [ -74.263778706383363, 45.204060156821022 ], [ -74.268407170966611, 45.203137158873844 ], [ -74.271623603954922, 45.202249986205722 ], [ -74.27282991483051, 45.202002912873482 ], [ -74.273954297658349, 45.201763572877994 ], [ -74.275353234357723, 45.201465763986334 ], [ -74.278428738599104, 45.200810957297001 ], [ -74.278615325932506, 45.200766628293174 ], [ -74.283324661388804, 45.199647437843389 ], [ -74.283537024559337, 45.199598333233816 ], [ -74.287315325759053, 45.19872488682099 ], [ -74.289717006085681, 45.198061151350707 ], [ -74.291402777464768, 45.197595199998638 ], [ -74.292848052221132, 45.197195709849318 ], [ -74.295489989387704, 45.196465326377165 ], [ -74.296346818561389, 45.196233228391158 ], [ -74.297286306932861, 45.195978732297142 ], [ -74.298945035537372, 45.19545988480332 ], [ -74.299626430598593, 45.1952467321615 ], [ -74.30063777843344, 45.194932111721023 ], [ -74.302641096483185, 45.194308874260052 ], [ -74.303475712063616, 45.194049195390825 ], [ -74.307604795458715, 45.192770873523123 ], [ -74.307703423875807, 45.192740343906593 ], [ -74.310303773898113, 45.191791653367616 ], [ -74.311055574780511, 45.191517363007499 ], [ -74.312545742809462, 45.190973650023032 ], [ -74.313550593884329, 45.190515369833619 ], [ -74.315219126772277, 45.189726645168058 ], [ -74.315920113784699, 45.189395157431441 ], [ -74.317112008995835, 45.188816727459411 ], [ -74.320380894977333, 45.18693652226731 ], [ -74.320551096082426, 45.187067712913823 ], [ -74.33501077130974, 45.198208378837904 ], [ -74.335127937447766, 45.198298647517156 ], [ -74.335297258652233, 45.198429071924529 ], [ -74.343858490941201, 45.205732136526365 ], [ -74.347742381739366, 45.20864711096872 ], [ -74.34794570872144, 45.208799882211935 ], [ -74.373155580478937, 45.227559881588704 ], [ -74.37475172042555, 45.22878852287964 ], [ -74.376375989128107, 45.230038765445961 ], [ -74.376434499691143, 45.230083756391721 ], [ -74.376529416626695, 45.230156715854079 ], [ -74.387226802173345, 45.238378568913035 ], [ -74.387403544647967, 45.238514384519 ], [ -74.388283146466534, 45.239187485290785 ], [ -74.388745260568086, 45.239541091047599 ], [ -74.402490488912051, 45.250055821502301 ], [ -74.410733774625456, 45.256358617943036 ], [ -74.414117849503029, 45.258945358460103 ], [ -74.426000795830944, 45.26806271295186 ], [ -74.426003778114364, 45.268063541842544 ], [ -74.428048229203952, 45.269620066542082 ], [ -74.428150869322565, 45.269698217138206 ], [ -74.432676087774794, 45.27312229270251 ], [ -74.438887482952154, 45.277941126717735 ], [ -74.439096643538591, 45.278096455606551 ], [ -74.440193807929901, 45.278911139222004 ], [ -74.440455851115971, 45.27910570826409 ], [ -74.440545058302718, 45.279110346312116 ], [ -74.440935684541316, 45.279462015863274 ], [ -74.441572767268298, 45.279935036967402 ], [ -74.44164899988175, 45.279991632976191 ], [ -74.441725316800756, 45.280048298184937 ], [ -74.442302130852539, 45.280476556294794 ], [ -74.442458744142826, 45.280592803347432 ], [ -74.44257395489511, 45.280678392386932 ], [ -74.451709952207793, 45.287681997653735 ], [ -74.455775728309561, 45.290685150355628 ], [ -74.460028998335119, 45.293826171007254 ], [ -74.47129129179865, 45.302298610927586 ], [ -74.471911279195638, 45.302734210588504 ], [ -74.471180105154517, 45.304921242035803 ], [ -74.470558894090971, 45.307041451196042 ], [ -74.470432870854836, 45.307419630121046 ], [ -74.468272281627691, 45.313027465350828 ], [ -74.467175093551347, 45.316196738237458 ], [ -74.467060632510524, 45.316504503735388 ], [ -74.466736747168554, 45.317375287157461 ], [ -74.466033572723006, 45.31907706772693 ], [ -74.465541324568918, 45.320592746975677 ], [ -74.463517998572655, 45.326030037162234 ], [ -74.460383833035053, 45.334449976603423 ], [ -74.459173630043566, 45.337614332605924 ], [ -74.452377970909254, 45.355902115674823 ], [ -74.452160536748451, 45.356493286418583 ], [ -74.450780325198338, 45.360246377334789 ], [ -74.449730624304692, 45.363100359267349 ], [ -74.447888883015494, 45.368036193055339 ], [ -74.447588053588362, 45.368842335593875 ], [ -74.444156988568267, 45.378034690439243 ], [ -74.443444848599924, 45.379942136723976 ], [ -74.442801579224493, 45.381737168072348 ], [ -74.44227829157974, 45.383197231572218 ], [ -74.442104320478109, 45.383682628294231 ], [ -74.441621536068851, 45.3850297003872 ], [ -74.439331663557383, 45.391362507262983 ], [ -74.438940565657148, 45.392359882842776 ], [ -74.438378618405068, 45.393792692356776 ], [ -74.437989995162368, 45.394837089503469 ], [ -74.437919778718211, 45.395025815611149 ], [ -74.437060732445431, 45.397334173951634 ], [ -74.434028739853048, 45.405479715371506 ], [ -74.432539534181743, 45.40989434720904 ], [ -74.432323876295968, 45.410533536919161 ], [ -74.429380896115191, 45.417097059831995 ], [ -74.42833921783658, 45.420104972774304 ], [ -74.427282263190321, 45.423794607810564 ], [ -74.425923904789869, 45.427475389551141 ], [ -74.42197064906982, 45.438184845219915 ], [ -74.421835705282277, 45.438550362380205 ], [ -74.42137672343442, 45.439793403079712 ], [ -74.420452669084526, 45.442391856730843 ], [ -74.420260758820149, 45.442946291887893 ], [ -74.41696584270916, 45.452658457234641 ], [ -74.41633697047439, 45.454511685841659 ], [ -74.415702508710069, 45.456381295214165 ], [ -74.415165793593772, 45.458309378216228 ], [ -74.415113300342867, 45.458343804615048 ], [ -74.414981574673888, 45.458488670930443 ], [ -74.414964235179028, 45.458538846781337 ], [ -74.414884370742385, 45.45876993016379 ], [ -74.414877109850423, 45.458918643780713 ], [ -74.414829564094134, 45.458928455031383 ], [ -74.41482900943717, 45.458930028716203 ], [ -74.414824836428068, 45.458942144428036 ], [ -74.414798746472769, 45.459017655490157 ], [ -74.414796820303096, 45.459023218998283 ], [ -74.414729818908398, 45.459216998100736 ], [ -74.413833705181545, 45.461937520793796 ], [ -74.413659527794479, 45.462466309961698 ], [ -74.411414999911585, 45.469279166279641 ], [ -74.40485495769839, 45.488564011167476 ], [ -74.404611006943043, 45.489470405068566 ], [ -74.401264590032156, 45.500108906737204 ], [ -74.399856218866177, 45.504395248151013 ], [ -74.394987966935105, 45.519679162009027 ], [ -74.394346038252692, 45.521265948434106 ], [ -74.39370663212101, 45.523284351760424 ], [ -74.39230364848278, 45.527955066820617 ], [ -74.391278942614889, 45.531365799370647 ], [ -74.389548230702701, 45.536538910708835 ], [ -74.388915498000173, 45.538564063554077 ], [ -74.38879523230159, 45.538976536724554 ], [ -74.38834150107553, 45.540721994537101 ], [ -74.388326692214136, 45.540757880166275 ], [ -74.388312387520742, 45.540792602408068 ], [ -74.388267395215294, 45.540991287539661 ], [ -74.387863823742123, 45.542446777708157 ], [ -74.387227210878748, 45.544742714126777 ], [ -74.386743203002069, 45.546488498636478 ], [ -74.386409183331892, 45.54776550099794 ], [ -74.384890816795618, 45.55304939913276 ], [ -74.384224590088991, 45.555395389892446 ], [ -74.383719401857746, 45.557084502720343 ], [ -74.383266192686349, 45.55867540916887 ], [ -74.383238191487123, 45.558873402000103 ], [ -74.383222091809742, 45.559161401818628 ], [ -74.383211599928956, 45.559393712147724 ], [ -74.383111900764305, 45.5594882471201 ], [ -74.383044306317174, 45.559535289351466 ], [ -74.382980759968035, 45.559579527542304 ], [ -74.382934316705487, 45.559626522290586 ], [ -74.382874967283129, 45.559710705114021 ], [ -74.38284528997923, 45.559765495974965 ], [ -74.38269537389273, 45.560270800424995 ], [ -74.382584349543762, 45.560684264157793 ], [ -74.382313705560989, 45.561505568401174 ], [ -74.382237901361449, 45.561730496946161 ], [ -74.382164714860508, 45.561985582379791 ], [ -74.382127376275136, 45.56208212879362 ], [ -74.382098494719529, 45.562133998513062 ], [ -74.381891443947637, 45.562839432750742 ], [ -74.380876386930055, 45.565904433444217 ], [ -74.381266998497651, 45.566116059491726 ], [ -74.381476154762453, 45.566213560240762 ], [ -74.381751800159066, 45.566342025537878 ], [ -74.383347358316712, 45.566906988096491 ], [ -74.384042978015145, 45.567144979401199 ], [ -74.38473188551167, 45.567380660822401 ], [ -74.385838298758827, 45.567759193555418 ], [ -74.38606245617531, 45.567835883320079 ], [ -74.386294528585978, 45.567899952492503 ], [ -74.388796876565706, 45.568590702947319 ], [ -74.39147130050489, 45.569369106643308 ], [ -74.393142217641511, 45.569772741557145 ], [ -74.393380986398967, 45.569830428908915 ], [ -74.393619765557801, 45.569888091261753 ], [ -74.393917266923864, 45.569959955911756 ], [ -74.396249006974628, 45.57045702866607 ], [ -74.397132299945127, 45.570525238776355 ], [ -74.397383295399408, 45.570544615482156 ], [ -74.397634291071469, 45.570563991493906 ], [ -74.398900569327907, 45.570661754166942 ], [ -74.401816357558886, 45.570676816767346 ], [ -74.402068835620057, 45.570678101769694 ], [ -74.402321348415782, 45.570679392937166 ], [ -74.403144173119571, 45.570683623065932 ], [ -74.407541688642667, 45.570700148496364 ], [ -74.412129772386578, 45.570683051754088 ], [ -74.415095145512993, 45.570736018984682 ], [ -74.417215884030199, 45.570772929447571 ], [ -74.41760063749129, 45.570779603901883 ], [ -74.417658877021054, 45.570780614248648 ], [ -74.417851062255878, 45.570796071958462 ], [ -74.418101919358065, 45.5708162303495 ], [ -74.420993628538753, 45.5710486160702 ], [ -74.426971353502111, 45.571731961979623 ], [ -74.42813965745087, 45.571853945744238 ], [ -74.42821986755709, 45.571862315238988 ], [ -74.428389420508964, 45.571880015779094 ], [ -74.428639183858564, 45.571906085128148 ], [ -74.432315964066049, 45.57228985728311 ], [ -74.435656158350326, 45.572763467002105 ], [ -74.435903656883113, 45.57279856770829 ], [ -74.436147937087313, 45.572833190177917 ], [ -74.436150817334081, 45.572834232515184 ], [ -74.438116782275614, 45.573541824185988 ], [ -74.440701583711373, 45.574798562478449 ], [ -74.443348197613759, 45.57628069419566 ], [ -74.446534767419351, 45.57843801659628 ], [ -74.450017942647449, 45.580867004172347 ], [ -74.453748014390939, 45.583628860212222 ], [ -74.455621690170204, 45.584938334169216 ], [ -74.456794799411668, 45.585758154795407 ], [ -74.459310858838748, 45.58756939253945 ], [ -74.460656610779793, 45.588592933791745 ], [ -74.460825013311577, 45.588720989634183 ], [ -74.461016161009397, 45.588832185720655 ], [ -74.462303822454103, 45.589581170023123 ], [ -74.46454397018833, 45.590626904359468 ], [ -74.465537451113434, 45.591060055931301 ], [ -74.465696156454811, 45.591129243013427 ], [ -74.465752052856217, 45.591153597005338 ], [ -74.465966645748253, 45.591247162004422 ], [ -74.467519180565148, 45.5919239973597 ], [ -74.467987515081944, 45.59210980155558 ], [ -74.470010273240902, 45.592912336991034 ], [ -74.472366400693602, 45.593731808510704 ], [ -74.475190298953962, 45.594394500169486 ], [ -74.476163590228126, 45.594576122802025 ], [ -74.476407730908434, 45.594621687619423 ], [ -74.476651872087018, 45.594667251788273 ], [ -74.478653735979094, 45.595040778720367 ], [ -74.482116846384997, 45.595489936593118 ], [ -74.482360502307998, 45.595521520624693 ], [ -74.482608274128566, 45.595519048226969 ], [ -74.48596991569508, 45.595485303428589 ], [ -74.489524844702757, 45.595331605949227 ], [ -74.493391581669982, 45.594776998126065 ], [ -74.498330668424927, 45.593655445264801 ], [ -74.49857102043471, 45.593600848979506 ], [ -74.498811371856803, 45.593546252069835 ], [ -74.499599040397825, 45.593367375028841 ], [ -74.500000132051923, 45.593318881031102 ], [ -74.504971480453563, 45.592717413963499 ], [ -74.509970130871253, 45.592242487798671 ], [ -74.514754454182651, 45.592082361387419 ], [ -74.515006798921121, 45.592073914895359 ], [ -74.515998712217382, 45.592040690712096 ], [ -74.516069934920353, 45.592039130590294 ], [ -74.516322441393669, 45.592033658952886 ], [ -74.516574922773401, 45.592028155386124 ], [ -74.519420002931554, 45.591966253572494 ], [ -74.522394484290032, 45.592123801864972 ], [ -74.526054548090443, 45.592593562373217 ], [ -74.53040508967338, 45.59355400029056 ], [ -74.532346851010615, 45.594081705332975 ], [ -74.532582444417244, 45.594145714226215 ], [ -74.532818038499329, 45.59420972252515 ], [ -74.535110060281426, 45.594832517386898 ], [ -74.539509399875527, 45.596370623199505 ], [ -74.539724923220518, 45.596457796524987 ], [ -74.539939343210719, 45.596544542371731 ], [ -74.539943835148065, 45.596546344030926 ], [ -74.540162747943782, 45.596634891042918 ], [ -74.544284084080388, 45.598301893635053 ], [ -74.548753950646713, 45.600173080937196 ], [ -74.552851169595513, 45.601899922336209 ], [ -74.555506511686843, 45.60306660225239 ], [ -74.555715325847501, 45.603158332248469 ], [ -74.554327021515164, 45.608727480860914 ], [ -74.55432697864525, 45.608727682918811 ], [ -74.554352827401203, 45.610509789993976 ], [ -74.551177208796034, 45.621028761271781 ], [ -74.547211205726057, 45.635379644981235 ], [ -74.543571243816459, 45.650367945336043 ], [ -74.543303219807001, 45.651485672040472 ], [ -74.535296633643839, 45.681666482252034 ], [ -74.5327938075866, 45.694997706835608 ], [ -74.527185267004256, 45.713891319285246 ], [ -74.527181511058231, 45.713909298932634 ], [ -74.526812570228088, 45.71572050039282 ], [ -74.5267929499487, 45.715793388464952 ], [ -74.526772585761336, 45.715857312777047 ], [ -74.526761257902535, 45.715875810234969 ], [ -74.52670548634417, 45.715977232958686 ], [ -74.526674547576633, 45.716068594139081 ], [ -74.526635219853901, 45.716187188483794 ], [ -74.526634714666571, 45.716188642587277 ], [ -74.526623269221659, 45.716223910968502 ], [ -74.526619795710602, 45.716251632948229 ], [ -74.52661966678231, 45.716252897513222 ], [ -74.526599884078664, 45.716405090841505 ], [ -74.526583288630945, 45.716513896793451 ], [ -74.52656668335807, 45.716622727209199 ], [ -74.526548609865969, 45.716713581214833 ], [ -74.526446025327033, 45.71702418445679 ], [ -74.526420382548437, 45.717178442181272 ], [ -74.526368427866018, 45.717304567109565 ], [ -74.526366419037615, 45.717309411950282 ], [ -74.526366307726022, 45.717309784994121 ], [ -74.525821450470914, 45.719819935267942 ], [ -74.523053240896814, 45.731135654412547 ], [ -74.521964839176704, 45.735654363582057 ], [ -74.520347664353579, 45.742223667160701 ], [ -74.518848402009084, 45.750023985999967 ], [ -74.518635314541456, 45.750959226375663 ], [ -74.517772677280178, 45.755037095950804 ], [ -74.516557099136207, 45.761517459904013 ], [ -74.524217261166015, 45.762317519714117 ], [ -74.535677997673332, 45.76348287573888 ], [ -74.536451902374921, 45.763577069031847 ], [ -74.535858718701007, 45.766413307558679 ], [ -74.534449147665669, 45.773163128835193 ], [ -74.533278901887542, 45.782574747002599 ], [ -74.531424533297482, 45.791593825619771 ], [ -74.529948644829162, 45.796611787095912 ], [ -74.530052730547823, 45.798922903537921 ], [ -74.530053137023103, 45.798931777890886 ], [ -74.53007888320235, 45.799503423838871 ], [ -74.530055736831486, 45.802009278176207 ], [ -74.529955401547056, 45.802212012868182 ], [ -74.529435016623012, 45.802706678676564 ], [ -74.529448608015855, 45.802868331518447 ], [ -74.529460717582211, 45.803012025624831 ], [ -74.529468276666066, 45.803101822767488 ], [ -74.529475055010352, 45.803182645899092 ], [ -74.529425978660257, 45.803211707428019 ], [ -74.529365562976864, 45.803259249441098 ], [ -74.529294543901671, 45.803334263577455 ], [ -74.529225822074949, 45.803436217452493 ], [ -74.529160998868335, 45.803541698515055 ], [ -74.529157845724001, 45.803547138556901 ], [ -74.529158727889865, 45.80355755441655 ], [ -74.52916614031983, 45.803645927600158 ], [ -74.52918881770691, 45.803762143214719 ], [ -74.529236401858483, 45.803868323972559 ], [ -74.529286248869198, 45.804001437762906 ], [ -74.529303620699991, 45.804054813409138 ], [ -74.529300576185321, 45.804172083233667 ], [ -74.52924697208573, 45.804300455739387 ], [ -74.529177477687995, 45.804393411492313 ], [ -74.529123838044313, 45.804521777223428 ], [ -74.529080056012688, 45.804613703430242 ], [ -74.529051322993652, 45.804732034330527 ], [ -74.529034710349094, 45.80484085880471 ], [ -74.529017361599173, 45.804940691611733 ], [ -74.529015087217161, 45.805066960433443 ], [ -74.529023391541443, 45.80516572572779 ], [ -74.529053595010495, 45.805218555676696 ], [ -74.529095919180207, 45.805261879123307 ], [ -74.52914954839477, 45.8052867150857 ], [ -74.529215228438062, 45.805302030842213 ], [ -74.529343659673671, 45.805296750978535 ], [ -74.529408603689461, 45.805303074867943 ], [ -74.529497744145814, 45.805290403190746 ], [ -74.529546076844341, 45.805252374056479 ], [ -74.529582333635346, 45.805223833874813 ], [ -74.529667693953371, 45.80516626304675 ], [ -74.529764368469117, 45.805090180195549 ], [ -74.529850464488931, 45.805041600943809 ], [ -74.529822685307053, 45.805518454541378 ], [ -74.529649043103674, 45.805658331512774 ], [ -74.527982431780188, 45.807000886202125 ], [ -74.527973254802887, 45.807022054541001 ], [ -74.524222181577201, 45.817529074127272 ], [ -74.521640344242869, 45.821295459893072 ], [ -74.520867012272191, 45.824766527575292 ], [ -74.519977651008901, 45.828992434706798 ], [ -74.519623600604035, 45.830608445211453 ], [ -74.519069711454165, 45.832035434139428 ], [ -74.518443873335187, 45.838646310669255 ], [ -74.518156273449677, 45.839976147484848 ], [ -74.517653377879853, 45.842301582388892 ], [ -74.517336353380387, 45.843767449316452 ], [ -74.516855091226944, 45.845164529454586 ], [ -74.516483545217312, 45.847709913180587 ], [ -74.51512369255606, 45.852770716714481 ], [ -74.515013742668543, 45.853142872721158 ], [ -74.513335995835476, 45.858820548263985 ], [ -74.512459944848572, 45.867208428626654 ], [ -74.512755809510409, 45.871430299677421 ], [ -74.51085398256366, 45.880353210127609 ], [ -74.509672667549921, 45.885894038454175 ], [ -74.509621399350792, 45.886134553944274 ], [ -74.509548033228967, 45.8864784998364 ], [ -74.509283370337201, 45.887719607506092 ], [ -74.508612896527424, 45.890863582303197 ], [ -74.5079055074726, 45.893243650559647 ], [ -74.507552708492938, 45.894430539815161 ], [ -74.506373522730044, 45.898397279421076 ], [ -74.50625500938736, 45.898795947435566 ], [ -74.505777454685102, 45.900402222280185 ], [ -74.505150411158354, 45.902511212735611 ], [ -74.504810152775207, 45.903655486851285 ], [ -74.501632876222317, 45.911577739539524 ], [ -74.500205961634975, 45.915134756268777 ], [ -74.499999989437839, 45.915107777594109 ], [ -74.487331498170263, 45.913448082901745 ], [ -74.487328708280728, 45.913459263004953 ], [ -74.480715942488359, 45.912669905467943 ], [ -74.479250725644476, 45.918251921877534 ], [ -74.477854524891413, 45.923492292238102 ], [ -74.476157038743239, 45.929289665314322 ], [ -74.465269755567334, 45.92810386302569 ], [ -74.463157906495141, 45.927817027555292 ], [ -74.452972334743166, 45.926896862757701 ], [ -74.453922158641447, 45.922963168336537 ], [ -74.454574721382002, 45.919944429043767 ], [ -74.457386564306901, 45.907436761720696 ], [ -74.449384335858809, 45.90642346960653 ], [ -74.441620190931886, 45.905576319138007 ], [ -74.439541628040473, 45.913263326351483 ], [ -74.43411583130441, 45.933317740914219 ], [ -74.432003609172966, 45.942054921700375 ], [ -74.431122880420688, 45.94517757046772 ], [ -74.430469773041139, 45.948073333071981 ], [ -74.426995514021854, 45.961079354996379 ], [ -74.426836348185873, 45.961711236233256 ], [ -74.425460908188057, 45.967556863741969 ], [ -74.423625967100875, 45.975242530395661 ], [ -74.422646815109687, 45.97952934400913 ], [ -74.415097103224369, 46.009813941614233 ], [ -74.41262979684852, 46.018923755876187 ], [ -74.407887104003052, 46.01868946931917 ], [ -74.385262723738094, 46.01657001604957 ], [ -74.349719791721512, 46.012436414377987 ], [ -74.348177546873785, 46.012222750246842 ], [ -74.338110432722928, 46.010827359445258 ], [ -74.326396988296409, 46.009303965383715 ], [ -74.317539256709878, 46.008089891219619 ], [ -74.314667838881647, 46.007671298126446 ], [ -74.299958515799432, 46.005481301793111 ], [ -74.287325319581029, 46.003535478691219 ], [ -74.284804609017357, 46.003184976142052 ], [ -74.264066979676045, 46.000219060569634 ], [ -74.264126589933213, 46.000018265594804 ], [ -74.269595160657616, 45.981619258868385 ], [ -74.270123604645647, 45.979840589145191 ], [ -74.272831137752505, 45.966372104650716 ], [ -74.266338567713987, 45.962040971385584 ], [ -74.257752145861488, 45.956066305131301 ], [ -74.253626286816271, 45.953499681070539 ], [ -74.246590563607256, 45.948648601111756 ], [ -74.222579264448726, 45.963439643084541 ], [ -74.203546548736753, 45.978050213611617 ], [ -74.20145673940111, 45.979435735715171 ], [ -74.197603261473333, 45.981990526778844 ], [ -74.195653007314121, 45.983210563698158 ], [ -74.195502978448616, 45.983462818001584 ], [ -74.195404767527037, 45.983539175772457 ], [ -74.195160379395844, 45.983719647232796 ], [ -74.194976223005355, 45.98384376361021 ], [ -74.194779894548859, 45.983977362854247 ], [ -74.194582132680054, 45.984092993889575 ], [ -74.19438505084446, 45.984217601531441 ], [ -74.194338114865019, 45.984245614976942 ], [ -74.194256630305645, 45.984294128377876 ], [ -74.194175115609866, 45.984342714937895 ], [ -74.194165827070066, 45.9843478357732 ], [ -74.194151069499028, 45.984356144819678 ], [ -74.19395226682289, 45.984468295690817 ], [ -74.193716564404156, 45.984594382026764 ], [ -74.193480825633074, 45.984720460861595 ], [ -74.193235026463526, 45.984882967114864 ], [ -74.192989941299388, 45.985054456803304 ], [ -74.192731225880593, 45.98521742956121 ], [ -74.192509119334829, 45.985351998227173 ], [ -74.192287647100841, 45.985495560919198 ], [ -74.192052650114363, 45.985630627533006 ], [ -74.192028280929634, 45.98564956191143 ], [ -74.191954447654993, 45.98569740540853 ], [ -74.191905699119829, 45.985735298526166 ], [ -74.19173583416331, 45.985876903065005 ], [ -74.191551624214483, 45.986001006738263 ], [ -74.191340957050443, 45.986117130563699 ], [ -74.191156099568957, 45.986232263452465 ], [ -74.190909568090973, 45.986385780466108 ], [ -74.190675242537523, 45.986529821151407 ], [ -74.190440915461579, 45.986673861325691 ], [ -74.190255303027641, 45.986780001636745 ], [ -74.19008328305253, 45.986894651516778 ], [ -74.189885530937033, 45.987010280809734 ], [ -74.189712803924849, 45.987115921612137 ], [ -74.189527212921419, 45.987222092017454 ], [ -74.189354519243651, 45.987327739202748 ], [ -74.188103622035229, 45.98825751892246 ], [ -74.187912895614602, 45.988382594357127 ], [ -74.186901058092232, 45.989015528471818 ], [ -74.186853016218237, 45.989062403626448 ], [ -74.186804984233817, 45.989109254358461 ], [ -74.18664601852916, 45.989240619911776 ], [ -74.181042622015568, 45.984652420795655 ], [ -74.179651030224221, 45.985450524914796 ], [ -74.173460028970936, 45.981108390305522 ], [ -74.170105481147203, 45.983251569151292 ], [ -74.173507782423513, 45.985814484231994 ], [ -74.17073275088471, 45.98755991807986 ], [ -74.166443166320846, 45.99025751415175 ], [ -74.163264054482127, 45.991448672645838 ], [ -74.158702627032227, 45.99426377259622 ], [ -74.150829891933427, 45.999121188945011 ], [ -74.14799803357154, 46.000863869422723 ], [ -74.147746410086029, 46.001038724418521 ], [ -74.147430177904511, 46.001236051119946 ], [ -74.147207152384382, 46.001397333816058 ], [ -74.146847647832644, 46.001598917857976 ], [ -74.144597613745063, 46.00294998943135 ], [ -74.149613450854389, 46.006990262966376 ], [ -74.148639213815429, 46.007666019738529 ], [ -74.123750821293484, 46.024721786314565 ], [ -74.108345256858044, 46.014684310758625 ], [ -74.104351126337434, 46.011794118892809 ], [ -74.102537674887074, 46.010513166689201 ], [ -74.099615420707508, 46.00865879885859 ], [ -74.088648562988524, 46.001697482308145 ], [ -74.086159547986938, 46.000077327314507 ], [ -74.083204441533979, 45.998153560891119 ], [ -74.082091128333346, 45.997428747443543 ], [ -74.06839128760187, 45.988506480237753 ], [ -74.068382261223121, 45.988512753088997 ], [ -74.064059714729339, 45.991509878691453 ], [ -74.059121875798155, 45.995013587427664 ], [ -74.058449542798044, 45.995364218555252 ], [ -74.058355579308966, 45.995451821172999 ], [ -74.058170397855321, 45.995566727495671 ], [ -74.058058451139942, 45.99562489696838 ], [ -74.058010265963446, 45.995671705544666 ], [ -74.057899695973362, 45.995747845729973 ], [ -74.057728736332635, 45.995880259641069 ], [ -74.057582217997705, 45.995993749636952 ], [ -74.057375962308683, 45.996172491571762 ], [ -74.05726673194053, 45.996266595073529 ], [ -74.057143965405558, 45.996352175463336 ], [ -74.05711952269381, 45.996371099047167 ], [ -74.056935676029724, 45.996503967265078 ], [ -74.056725355097527, 45.996628809250055 ], [ -74.05670094705431, 45.996647739759169 ], [ -74.056428890929212, 45.996810890515249 ], [ -74.056169725300492, 45.99697356088452 ], [ -74.055972292520636, 45.997097921695975 ], [ -74.055812184892574, 45.997202903605078 ], [ -74.055678549883424, 45.997315911556292 ], [ -74.055544191043623, 45.997419926827476 ], [ -74.055323721598086, 45.997581187809466 ], [ -74.055127624876434, 45.997723511184944 ], [ -74.054931551830336, 45.997865865636207 ], [ -74.05473479959673, 45.997999209807418 ], [ -74.054504123327447, 45.998196852529155 ], [ -74.054442385777506, 45.998235160657359 ], [ -74.054270718311713, 45.998358583958989 ], [ -74.054124182932412, 45.998472069631681 ], [ -74.053964753811371, 45.99858603451122 ], [ -74.053830422101527, 45.998690054852176 ], [ -74.053632975114141, 45.998814411535371 ], [ -74.053449785548153, 45.998956284141805 ], [ -74.053229265841409, 45.999117534130548 ], [ -74.052995861393811, 45.999279238557207 ], [ -74.052787579061928, 45.999431029848331 ], [ -74.052567054584614, 45.999592278571448 ], [ -74.0523587693135, 45.999744069091541 ], [ -74.052321439404594, 45.999763446436958 ], [ -74.052161313502879, 45.999868423163456 ], [ -74.051977437472658, 46.000001283422598 ], [ -74.051717584441903, 46.000154964772641 ], [ -74.051507231491513, 46.000279796722772 ], [ -74.051225652067757, 46.000488310561799 ], [ -74.050957640834682, 46.000705354840044 ], [ -74.050815132601741, 46.000872760886338 ], [ -74.050363218288553, 46.001393834451271 ], [ -74.050170489388975, 46.001581071160388 ], [ -74.049907892972172, 46.001869985267064 ], [ -74.049810187617595, 46.001945638892401 ], [ -74.049713133964985, 46.002030271170426 ], [ -74.049677175037317, 46.002067619129669 ], [ -74.049605246930568, 46.002142339417176 ], [ -74.04925103061484, 46.002416583417222 ], [ -74.049105842815379, 46.00254803459034 ], [ -74.048822167008595, 46.002729610125975 ], [ -74.048614551070713, 46.002890355577996 ], [ -74.048307152725044, 46.003099820063831 ], [ -74.048047268804424, 46.003253493043566 ], [ -74.047913550682651, 46.003366509985604 ], [ -74.046998158141434, 46.003913540774569 ], [ -74.046480359122981, 46.00424782327984 ], [ -74.046025713677537, 46.004561778654242 ], [ -74.046001261691984, 46.004580699938479 ], [ -74.045692501745862, 46.00477219241202 ], [ -74.045256843478569, 46.004995343269677 ], [ -74.044840855898016, 46.005136701289565 ], [ -74.044435737652947, 46.005250628718876 ], [ -74.044259979326199, 46.005320111098314 ], [ -74.044234840189333, 46.005330046051498 ], [ -74.04411540809275, 46.00546055929825 ], [ -74.044060708909285, 46.005529040694483 ], [ -74.04166940652361, 46.007210004189588 ], [ -74.035046885081485, 46.012215902727291 ], [ -74.004311241553609, 46.032745619028539 ], [ -73.99999998318134, 46.029580562931265 ], [ -73.992992334166516, 46.024489664150273 ], [ -73.981463435407179, 46.016110707637246 ], [ -73.980950873459491, 46.015738109257718 ], [ -73.979659191110514, 46.014799057968503 ], [ -74.002125224301196, 45.997765293879056 ], [ -73.975775353097873, 45.979103123528837 ], [ -73.974526002042325, 45.980111519894677 ], [ -73.970584424353817, 45.983245736184259 ], [ -73.968354710019412, 45.985018440746117 ], [ -73.954600436983057, 45.995949730671214 ], [ -73.951038790458597, 45.998712268531129 ], [ -73.950604268680664, 45.999049292054508 ], [ -73.949307026646821, 46.000055347600735 ], [ -73.948281791601119, 46.000850436255639 ], [ -73.940346192631807, 46.006424143513641 ], [ -73.939275442262854, 46.007176814829286 ], [ -73.931126743110184, 46.012480747815545 ], [ -73.927145353474629, 46.014877752117442 ], [ -73.923813808327012, 46.017239675346325 ], [ -73.923199851847215, 46.01767451691169 ], [ -73.920856079383128, 46.019364535895768 ], [ -73.918597566506293, 46.017724704538544 ], [ -73.918611163495569, 46.017832878198654 ], [ -73.918623897517421, 46.018028729394914 ], [ -73.918611904855908, 46.018200768668855 ], [ -73.918580605564372, 46.018361587607757 ], [ -73.918557161934473, 46.018439075021071 ], [ -73.918545607489051, 46.018477416457692 ], [ -73.918528526404614, 46.018533961701181 ], [ -73.918453542647967, 46.018709321519637 ], [ -73.918355249787382, 46.018881162958174 ], [ -73.91823189236456, 46.019047413488039 ], [ -73.918114318606158, 46.019170773955103 ], [ -73.910375585184354, 46.014073471485197 ], [ -73.907636970042915, 46.015961415465441 ], [ -73.898205288601929, 46.010271608350443 ], [ -73.897562188889154, 46.010569513917723 ], [ -73.897200953598798, 46.010355070726874 ], [ -73.897090072163067, 46.010430835912707 ], [ -73.89708485809372, 46.010427508220793 ], [ -73.896651790649614, 46.010739053911415 ], [ -73.896628857048711, 46.010755586760673 ], [ -73.896060454592075, 46.011200381850884 ], [ -73.896518547304083, 46.011535996997075 ], [ -73.874440485276608, 46.027130712595614 ], [ -73.873088209723676, 46.028126608901822 ], [ -73.87026092053604, 46.026659186888274 ], [ -73.86486597389495, 46.023858680992085 ], [ -73.864864750630389, 46.023859702127623 ], [ -73.840559407436629, 46.011685646343942 ], [ -73.839333539474026, 46.012506149586166 ], [ -73.843029524971698, 46.014957345174913 ], [ -73.858577516418094, 46.024817491530477 ], [ -73.863094883926081, 46.027841433400852 ], [ -73.869190685568853, 46.031944753445046 ], [ -73.870460926950415, 46.0327983502252 ], [ -73.87089052723735, 46.033094061273637 ], [ -73.871252117653754, 46.033338563850258 ], [ -73.871252342298504, 46.033338662211186 ], [ -73.871715442382225, 46.033565594087165 ], [ -73.871987955813083, 46.033762711501275 ], [ -73.872285249337594, 46.033788695477469 ], [ -73.872569756944941, 46.03383276338058 ], [ -73.872919013705484, 46.033885577449688 ], [ -73.873009543202926, 46.033912313077366 ], [ -73.873100892316842, 46.034038035594165 ], [ -73.873206800413953, 46.034424544670735 ], [ -73.873350670771202, 46.034684995016804 ], [ -73.873506790260208, 46.034846433538647 ], [ -73.873714382907323, 46.034971763349446 ], [ -73.873830364704702, 46.03498554122482 ], [ -73.873916569938473, 46.035036832381664 ], [ -73.873916660367797, 46.035136570707301 ], [ -73.873880400935064, 46.035218084649095 ], [ -73.873885755895742, 46.035312120991357 ], [ -73.874031288868963, 46.035213892959206 ], [ -73.874051828357921, 46.035204515347267 ], [ -73.874440603582968, 46.035401233552236 ], [ -73.874894998499144, 46.035714680532593 ], [ -73.875050863546178, 46.035849098160867 ], [ -73.875115770250943, 46.035893855617751 ], [ -73.875167773758122, 46.035938697610447 ], [ -73.875583126725431, 46.036234296385175 ], [ -73.875737933404551, 46.036346608417801 ], [ -73.875834462659355, 46.036415558153351 ], [ -73.876343286131174, 46.036719418139121 ], [ -73.876492861076102, 46.036812983223776 ], [ -73.876499117487896, 46.036817184058187 ], [ -73.876673130808442, 46.0369325090657 ], [ -73.876854855910196, 46.037057827839099 ], [ -73.877101406839813, 46.037228017429833 ], [ -73.877439420858565, 46.037532801622781 ], [ -73.877582239383216, 46.037631288719723 ], [ -73.877634247426798, 46.037676129647636 ], [ -73.8776990476413, 46.037711874505682 ], [ -73.878010409564155, 46.037908792720224 ], [ -73.87812719213531, 46.037980436935655 ], [ -73.878192136769599, 46.038034213962568 ], [ -73.878309069274366, 46.038123785866354 ], [ -73.878503747379128, 46.038249104294401 ], [ -73.878659241220447, 46.038311583122912 ], [ -73.878775748443616, 46.038347137262242 ], [ -73.878827492518468, 46.038364958386694 ], [ -73.878970157062597, 46.038445540141446 ], [ -73.879087127230932, 46.038535118293673 ], [ -73.8791260370282, 46.038570962515394 ], [ -73.879255919039181, 46.03866944527001 ], [ -73.87932087054358, 46.038723301874406 ], [ -73.879463808816539, 46.038848721680623 ], [ -73.879619845931344, 46.038992151598443 ], [ -73.879620384477676, 46.038992498510432 ], [ -73.879788676382603, 46.039108560940363 ], [ -73.879931460034172, 46.039207062334867 ], [ -73.880190682502302, 46.039332192159186 ], [ -73.880462853119596, 46.039448308985051 ], [ -73.880722039002563, 46.039573350130624 ], [ -73.880903668280155, 46.039689755694425 ], [ -73.88107250204439, 46.039815177343577 ], [ -73.881124521863157, 46.039859912113393 ], [ -73.881267620919246, 46.039994428224482 ], [ -73.881618350899274, 46.040272207389265 ], [ -73.88190518081052, 46.040478683808445 ], [ -73.881865301677351, 46.040513944568616 ], [ -73.881788372835899, 46.040582051238943 ], [ -73.881736703866494, 46.04062782760149 ], [ -73.881500390142335, 46.040873142892323 ], [ -73.880954101438633, 46.041473518978137 ], [ -73.880791763119447, 46.041627130458004 ], [ -73.880697574619191, 46.041716304789155 ], [ -73.880644262012197, 46.041755641766002 ], [ -73.880187348220502, 46.042093449198596 ], [ -73.879862278372485, 46.042347269245674 ], [ -73.879712560522577, 46.04247007095578 ], [ -73.879610839440886, 46.042553358966515 ], [ -73.879364072218706, 46.042773903361898 ], [ -73.879346075905943, 46.042790010306867 ], [ -73.879134891196884, 46.042978680858958 ], [ -73.878936510832403, 46.043131476306741 ], [ -73.878712204203723, 46.043287353055092 ], [ -73.878643054360651, 46.043328878284662 ], [ -73.878465752738776, 46.043435338025205 ], [ -73.878328374770604, 46.043508898784815 ], [ -73.877985415880929, 46.043692449206958 ], [ -73.877783364128817, 46.043816450981105 ], [ -73.87770490657141, 46.043881366577814 ], [ -73.877642240033779, 46.043952200838248 ], [ -73.87748876849345, 46.044214784339296 ], [ -73.877481040557896, 46.044228025459134 ], [ -73.877439373185226, 46.04429930243279 ], [ -73.877376675622315, 46.044389403549509 ], [ -73.877302855749903, 46.044475588315564 ], [ -73.877208837696173, 46.044560408654718 ], [ -73.877096156707864, 46.044642641834031 ], [ -73.876057249053588, 46.04533217217157 ], [ -73.875543842823305, 46.045686884614355 ], [ -73.874933956997253, 46.046114444202047 ], [ -73.874857876092733, 46.046167732051806 ], [ -73.874222196622142, 46.046623302840267 ], [ -73.873887637085062, 46.046862932224528 ], [ -73.873668197297533, 46.047020241051158 ], [ -73.873515917258089, 46.047129356884177 ], [ -73.873021584400661, 46.04748356446256 ], [ -73.872362853152836, 46.047937771497004 ], [ -73.871595333397252, 46.048441790103645 ], [ -73.871112016141836, 46.048746616671323 ], [ -73.871012031581799, 46.048809659238124 ], [ -73.870841077182646, 46.048907538036758 ], [ -73.870554932444605, 46.049071223951536 ], [ -73.869747408169701, 46.049512436982731 ], [ -73.869483858179123, 46.049679188660676 ], [ -73.869356335759022, 46.049769519549365 ], [ -73.86911429836627, 46.049958128821977 ], [ -73.868201733181877, 46.050758903698231 ], [ -73.867957286065703, 46.050957257017956 ], [ -73.867182705485703, 46.051536643491801 ], [ -73.866389441306964, 46.052112431140117 ], [ -73.865550802011967, 46.052742247910523 ], [ -73.863828792184279, 46.053846499564187 ], [ -73.860461208103317, 46.056050887658735 ], [ -73.851830878995329, 46.062391117407273 ], [ -73.839615363695188, 46.071344627577837 ], [ -73.838751691667483, 46.071984348498809 ], [ -73.838421637928889, 46.072228805997675 ], [ -73.838054642600738, 46.072500602822252 ], [ -73.836971013224556, 46.073303140856268 ], [ -73.823011942979349, 46.082619303507023 ], [ -73.821794188921544, 46.083452276997853 ], [ -73.819144711008505, 46.085264357905977 ], [ -73.814797260945682, 46.08823741668423 ], [ -73.807969967268804, 46.09295806920754 ], [ -73.779766986359334, 46.112253318163738 ], [ -73.739944397784967, 46.139960615443783 ], [ -73.738345224373802, 46.14142352293289 ], [ -73.732576929676725, 46.145096263339056 ], [ -73.715651293491746, 46.132496076661475 ], [ -73.713852307954213, 46.131204382489116 ], [ -73.711148908651623, 46.129228676502201 ], [ -73.691618186588386, 46.114933405731087 ], [ -73.682239704544187, 46.108746406238723 ], [ -73.678434722837522, 46.106512041209974 ], [ -73.661970443872889, 46.095103883516344 ], [ -73.661577921792372, 46.094828912652339 ], [ -73.66081151507511, 46.09429196498273 ], [ -73.659974086988456, 46.093705207743099 ], [ -73.653295247432936, 46.089092908628814 ], [ -73.651704469228363, 46.087996663658885 ], [ -73.6377165908211, 46.079024278949895 ], [ -73.634834979068486, 46.077104742944833 ], [ -73.634830102210046, 46.077032827139242 ], [ -73.634766870871701, 46.076863757846702 ], [ -73.634572063439919, 46.07666301242265 ], [ -73.634136284709356, 46.076344035836669 ], [ -73.633537041477069, 46.075904353138135 ], [ -73.632613845756438, 46.075268150790485 ], [ -73.631661242784858, 46.074578862845151 ], [ -73.63062994802533, 46.073874102271319 ], [ -73.629786144930861, 46.073262277318868 ], [ -73.628944208212758, 46.07267742785352 ], [ -73.627951109296063, 46.071962410186416 ], [ -73.627109196869299, 46.071377515590001 ], [ -73.626699952705437, 46.07106668826426 ], [ -73.626278398054723, 46.070765270047154 ], [ -73.626102023937591, 46.070644942586654 ], [ -73.626010977075936, 46.070563702977928 ], [ -73.625706891178766, 46.070351644041224 ], [ -73.625340654880674, 46.070102446147281 ], [ -73.625314216621518, 46.070094292638437 ], [ -73.624962106443334, 46.069862657362222 ], [ -73.624529472632375, 46.06958860138667 ], [ -73.62427325285185, 46.069434857153105 ], [ -73.62415154497036, 46.069357776816148 ], [ -73.623826496054335, 46.069143258747694 ], [ -73.623755747338933, 46.06909625435344 ], [ -73.6237550664559, 46.069095796917971 ], [ -73.623271003529922, 46.068774141369303 ], [ -73.62305286438604, 46.068610156894493 ], [ -73.622765943015082, 46.068385381318244 ], [ -73.622589587925361, 46.068265048325564 ], [ -73.622456714368894, 46.068180854656362 ], [ -73.622386786923443, 46.06813658512182 ], [ -73.622088803437762, 46.067939183286121 ], [ -73.621832556371956, 46.067785450482539 ], [ -73.62165255407136, 46.067611185128555 ], [ -73.621255063331915, 46.067281930251575 ], [ -73.620968760687347, 46.067066141653008 ], [ -73.620616071745332, 46.066825469835955 ], [ -73.620344505262963, 46.066636211000265 ], [ -73.619923001079712, 46.066334762097611 ], [ -73.619637322081473, 46.06612793715788 ], [ -73.619229956098053, 46.065844025799045 ], [ -73.618753821488383, 46.065499320021353 ], [ -73.618156043598404, 46.065077532579643 ], [ -73.617450711164878, 46.064596218996208 ], [ -73.616959241421, 46.064215975794049 ], [ -73.616806305990949, 46.064058850544569 ], [ -73.616546489098283, 46.063851182516046 ], [ -73.615961635818536, 46.06342895886096 ], [ -73.615377403816467, 46.063015699088247 ], [ -73.614806088480449, 46.062602043224771 ], [ -73.613951566456706, 46.062017485877192 ], [ -73.61329842922477, 46.061555241632753 ], [ -73.612905397417535, 46.061277068115857 ], [ -73.612691880615245, 46.061118842781489 ], [ -73.612101954178158, 46.060681829801354 ], [ -73.611898205161467, 46.060538606396733 ], [ -73.611354971293807, 46.060156791171217 ], [ -73.610853128530977, 46.059812886678181 ], [ -73.610595734954302, 46.059641138422968 ], [ -73.610461187217723, 46.059564491529258 ], [ -73.6103635647369, 46.059459589195562 ], [ -73.610321216428815, 46.059406917427076 ], [ -73.610291139378631, 46.059344854917086 ], [ -73.598441454247919, 46.050893500961173 ], [ -73.598452886855483, 46.050858843931671 ], [ -73.598262552195379, 46.05072093099183 ], [ -73.597297283234852, 46.050022764154548 ], [ -73.595953785644312, 46.049084719181572 ], [ -73.594959776870596, 46.048342432716083 ], [ -73.593169336740814, 46.047103652024745 ], [ -73.591759662925412, 46.046140681382468 ], [ -73.589522418634246, 46.044601102733644 ], [ -73.588602150144453, 46.043991485837054 ], [ -73.587149056477074, 46.042957824950477 ], [ -73.586184690504552, 46.042268547701504 ], [ -73.585004270242365, 46.04144217816286 ], [ -73.583976631513352, 46.040772960724865 ], [ -73.58286616290664, 46.040025362299559 ], [ -73.582636590864794, 46.039879695834927 ], [ -73.582447503273215, 46.039759730357808 ], [ -73.58230194358427, 46.03971040864414 ], [ -73.58213179558669, 46.03967987615367 ] ] ] ] } }
]
}
